id_hecho,N_VICTIMAS,FECHA,HORA,TIPO_DE_CALLE,Dirección Normalizada,COMUNA,pos x,pos y,VICTIMA,ACUSADO
2016-0001,1,1/1/2016,4:00:00,AVENIDA,"PIEDRA BUENA AV. y FERNANDEZ DE LA CRUZ, F., GRAL. AV.",8,-58.47533969,-34.68757022,MOTO,AUTO
2016-0002,1,1/2/2016,1:15:00,GRAL PAZ,"PAZ, GRAL. AV. y DE LOS CORRALES AV.",9,-58.50877521,-34.66977709,AUTO,PASAJEROS
2016-0003,1,1/3/2016,7:00:00,AVENIDA,ENTRE RIOS AV. 2034,1,-58.39040293,-34.63189362,MOTO,AUTO
2016-0004,1,1/10/2016,0:00:00,AVENIDA,"LARRAZABAL AV. y VILLEGAS, CONRADO, GRAL.",8,-58.46503904,-34.68092974,MOTO,AUTO
2016-0005,1,1/21/2016,5:20:00,AVENIDA,"SAN JUAN AV. y SAENZ PEÃ‘A, LUIS, PRES.",1,-58.38718297,-34.62246630,MOTO,PASAJEROS
2016-0008,1,1/24/2016,18:30:00,AVENIDA,27 DE FEBRERO AV. y ESCALADA AV.,8,-58.44451316,-34.68475866,MOTO,OBJETO FIJO
2016-0009,1,1/24/2016,19:10:00,CALLE,"NOGOYA y GONZALEZ, JOAQUIN V.",11,-58.50095869,-34.60825440,MOTO,AUTO
2016-0010,1,1/29/2016,15:20:00,GRAL PAZ,"PAZ, GRAL. AV. y DE LOS CORRALES AV.",9,-58.50877521,-34.66977709,MOTO,AUTO
2016-0012,1,2/8/2016,1:20:00,AVENIDA,"BELGRANO AV. e IRIGOYEN, BERNARDO DE",1,-58.38048577,-34.61303893,MOTO,CARGAS
2016-0013,1,2/10/2016,11:30:00,AVENIDA,ENTRE RIOS AV. 1366,1,-58.39114932,-34.62477387,PEATON,AUTO
2016-0015,1,2/14/2016,5:14:00,AVENIDA,"SCALABRINI ORTIZ, RAUL AV. y VERA",15,-58.43760020,-34.59912758,PEATON,AUTO
2016-0016,1,2/14/2016,22:00:00,AVENIDA,"REGIMIENTO DE PATRICIOS AV. y QUINQUELA MARTIN, BENITO",4,-58.36882665,-34.64291993,MOTO,AUTO
2016-0017,1,2/15/2016,16:54:00,AVENIDA,"ACOSTA, MARIANO y JANER, ANA MARIA",8,-58.44989671,-34.65970435,PEATON,MOTO
2016-0019,1,2/17/2016,9:30:00,CALLE,"DE LA TORRE, LISANDRO y GARCIA GRANDE DE ZEQUEIRA, SEVERO",9,-58.50990884,-34.65468721,PEATON,PASAJEROS
2016-0020,1,2/17/2016,16:00:00,CALLE,SUIPACHA 156,1,-58.37952223,-34.60653282,PEATON,AUTO
2016-0021,1,2/17/2016,23:35:00,AVENIDA,DIRECTORIO AV. y CURAPALIGUE,7,-58.45157703,-34.63063795,AUTO,AUTO
2016-0022,1,2/21/2016,6:00:00,AVENIDA,"9 DE JULIO AV. y ALSINA, ADOLFO",1,-58.38144696,-34.61079875,MOTO,AUTO
2016-0025,1,2/28/2016,4:50:00,GRAL PAZ,"PAZ, GRAL. AV. y 27 DE FEBRERO AV.",8,-58.46244952,-34.70524971,AUTO,AUTO
2016-0026,1,2/28/2016,7:30:00,CALLE,HOLMBERG y VEDIA,12,-58.49216191,-34.54738649,AUTO,OBJETO FIJO
2016-0027,1,2/28/2016,9:35:00,AVENIDA,"CURAPALIGUE AV. y DIAZ, AVELINO",7,-58.44497874,-34.63852623,AUTO,AUTO
2016-0028,1,3/2/2016,10:00:00,AVENIDA,VIAMONTE y 9 DE JULIO AV.,1,-58.38199706,-34.60028648,PEATON,CARGAS
2016-0029,1,3/4/2016,17:30:00,AVENIDA,CABILDO AV. y DEHEZA,12,-58.47378664,-34.54153077,PEATON,PASAJEROS
2016-0031,1,3/8/2016,12:30:00,GRAL PAZ,"PAZ, GRAL. AV. y ROCA, CNEL. AV.",8,-58.47064556,-34.69843756,MOTO,PASAJEROS
2016-0034,1,3/12/2016,12:30:00,AVENIDA,"ALCORTA, AMANCIO AV. y BONAVENA, OSCAR NATALIO",4,-58.40623949,-34.65076549,PEATON,PASAJEROS
2016-0035,1,3/13/2016,6:00:00,AVENIDA,CORRIENTES AV. y CALLAO AV.,3,-58.39228965,-34.60443527,MOTO,PASAJEROS
2016-0036,1,3/14/2016,0:15:00,CALLE,"HERRERA y VALLE, ARISTOBULO DEL",4,-58.37813396,-34.63668504,MOTO,PASAJEROS
2016-0037,1,3/19/2016,11:00:00,AVENIDA,LAFUENTE AV. y QUIRNO,7,-58.46275892,-34.64358293,MOTO,MOTO
2016-0038,1,3/21/2016,8:06:00,GRAL PAZ,"PAZ, GRAL. AV. y ZUVIRIA",8,-58.49683458,-34.67892743,PEATON,PASAJEROS
2016-0039,1,3/23/2016,1:50:00,AVENIDA,"MITRE, BARTOLOME y PUEYRREDON AV.",3,-58.40603217,-34.60883960,MOTO,PASAJEROS
2016-0041,2,3/29/2016,11:00:00,AVENIDA,DIRECTORIO AV. y RIVERA INDARTE AV.,7,-58.46076550,-34.63350444,MOTO,CARGAS
2016-0043,1,3/30/2016,18:15:00,AVENIDA,"DELLEPIANE, LUIS, TTE. GRAL. y MURGUIONDO",8,-58.47832463,-34.67494416,PEATON,CARGAS
2016-0044,1,3/31/2016,19:40:00,AVENIDA,"MORENO, JOSE MARIA AV. y BALBASTRO",7,-58.43213235,-34.63693953,MOTO,MULTIPLE
2016-0045,1,4/11/2016,10:25:00,GRAL PAZ,"PAZ, GRAL. AV. y DEL LIBERTADOR AV.",13,-58.46743471,-34.53476874,MOTO,AUTO
2016-0047,1,4/15/2016,5:30:00,CALLE,LIMA 1483,1,-58.38247061,-34.62571878,PEATON,PASAJEROS
2016-0048,1,4/15/2016,17:40:00,AVENIDA,CORRIENTES AV. y DORREGO AV.,15,-58.44759966,-34.59170240,PEATON,PASAJEROS
2016-0049,1,4/17/2016,0:00:00,AUTOPISTA,AUTOPISTA 1 SUR PRESIDENTE ARTURO FRONDIZI,4,-58.37714647568196,-34.63657525428238,MOTO,AUTO
2016-0050,1,4/19/2016,9:50:00,AVENIDA,"GORDILLO, TIMOTEO y FERNANDEZ DE LA CRUZ, F., GRAL. AV.",8,-58.47305463,-34.68550712,PEATON,PASAJEROS
2016-0051,1,4/20/2016,4:00:00,AVENIDA,"ALCORTA, AMANCIO AV. y BONAVENA, OSCAR NATALIO",4,-58.40623949,-34.65076549,MOTO,CARGAS
2016-0052,1,4/20/2016,20:00:00,AUTOPISTA,AUTOPISTA LUGONES PK 10000,13,.,.,MOTO,AUTO
2016-0053,1,4/22/2016,9:30:00,AVENIDA,TRIUNVIRATO AV. y OLAZABAL AV.,12,-58.48429180,-34.57558053,PEATON,PASAJEROS
2016-0054,1,4/23/2016,21:00:00,AUTOPISTA,"AUTOPISTA DELLEPIANE LUIS TTE. GRAL. y PAZ, GRAL. AV.",8,-58.48695354,-34.68795245,MOTO,MOTO
2016-0055,1,4/25/2016,20:30:00,AVENIDA,"CASTILLA, RAMON, MARISCAL y FIGUEROA ALCORTA, PRES. AV.",14,-58.40021959,-34.57964781,PEATON,CARGAS
2016-0056,1,4/26/2016,4:45:00,AVENIDA,"CAMPOS, LUIS M. AV. 30",14,-58.42957885,-34.57660058,MOTO,OBJETO FIJO
2016-0058,1,5/4/2016,14:00:00,CALLE,LIMA 1471,1,-58.38247542,-34.62556293,PEATON,MOTO
2016-0059,1,5/8/2016,16:30:00,CALLE,CIUDADELA y LIMA,1,-58.38222219,-34.62728101,PEATON,PASAJEROS
2016-0064,1,5/14/2016,18:11:00,AVENIDA,"JUSTO, JUAN B. AV. y CARRASCO AV.",10,-58.49485242,-34.62953445,PEATON,PASAJEROS
2016-0065,1,5/20/2016,14:40:00,AVENIDA,GAONA AV. y ESPINOSA,6,-58.45227946,-34.61068024,PEATON,AUTO
2016-0067,1,5/21/2016,17:00:00,AVENIDA,"DE LA TORRE, LISANDRO y SARAZA",8,-58.48455411,-34.67512760,MOTO,PASAJEROS
2016-0068,1,5/22/2016,22:00:00,AVENIDA,"FIGUEROA ALCORTA, PRES. AV. y PUEYRREDON AV.",2,-58.39056593,-34.58418569,MOTO,PASAJEROS
2016-0069,1,5/23/2016,3:30:00,AVENIDA,ENTRE RIOS AV. y FILIBERTO,3,-58.39118948,-34.62704273,AUTO,CARGAS
2016-0073,1,6/11/2016,15:00:00,CALLE,"MAGARIÃ‘OS CERVANTES, A. 3900",10,-58.49021952,-34.62025108,MOTO,CARGAS
2016-0074,1,6/12/2016,6:40:00,GRAL PAZ,"PAZ, GRAL. AV. y SCAPINO, RODOLFO",8,-58.49896559,-34.67732118,AUTO,AUTO
2016-0075,1,6/12/2016,23:13:00,AUTOPISTA,AUTOPISTA DELLEPIANE LUIS TTE. GRAL. y MIRALLA,8,-58.47461076,-34.66874679,PEATON,AUTO
2016-0076,1,6/13/2016,16:20:00,AVENIDA,SAN MARTIN AV. y CAMARONES,15,-58.46210891,-34.60356211,PEATON,PASAJEROS
2016-0077,1,6/13/2016,21:52:00,AVENIDA,"PERON, JUAN DOMINGO, TTE. GENERAL y ALEM, LEANDRO N. AV.",1,-58.37027770,-34.60536123,PEATON,PASAJEROS
2016-0078,1,6/13/2016,23:01:00,AVENIDA,BELGRANO AV. y JUJUY AV.,3,-58.40491455,-34.61463830,MOTO,MOTO
2016-0079,1,6/16/2016,17:13:00,AVENIDA,"DEL LIBERTADOR AV. y UDAONDO, GUILLERMO AV.",13,-58.45504154,-34.54864492,AUTO,AUTO
2016-0080,1,6/18/2016,6:42:00,GRAL PAZ,"PAZ, GRAL. AV. y RIVADAVIA AV.",9,-58.52927982,-34.63931752,AUTO,AUTO
2016-0081,1,6/22/2016,7:42:00,AVENIDA,"LARRALDE, CRISOLOGO AV. y MACHAIN",12,-58.48721060,-34.55904606,MOTO,AUTO
2016-0082,1,6/27/2016,18:24:00,AVENIDA,LA PLATA AV. 2384,4,-58.42273092,-34.64228803,PEATON,AUTO
2016-0083,1,6/28/2016,20:46:00,AVENIDA,"ALBERDI, JUAN BAUTISTA AV. y PUAN",6,-58.44788671,-34.62539009,PEATON,MOTO
2016-0084,1,6/29/2016,22:00:00,CALLE,"PELLEGRINI, CARLOS y TUCUMAN",1,-58.38110563,-34.60135531,PEATON,PASAJEROS
2016-0085,1,6/29/2016,22:00:00,AVENIDA,"RABANAL, FRANCISCO, INTENDENTE AV. y EREZCANO",4,-58.42378834,-34.65734100,MOTO,OTRO
2016-0086,1,6/30/2016,16:10:00,AVENIDA,"OLIVERA AV. y FALCON, RAMON L.,CNEL.",10,-58.48727942,-34.63652467,PEATON,PASAJEROS
2016-0087,1,7/2/2016,0:10:00,AUTOPISTA,AUTOPISTA 1 SUR PRESIDENTE ARTURO FRONDIZI y CASEROS AV.,1,-58.37864583,-34.62907067,MOTO,OBJETO FIJO
2016-0088,1,7/11/2016,15:30:00,CALLE,CERETTI y NUÃ‘EZ,12,-58.50151750,-34.56767549,PEATON,AUTO
2016-0089,1,7/14/2016,6:40:00,AUTOPISTA,"LUGONES, LEOPOLDO AV. y LA PAMPA",13,-58.43233425,-34.55185825,PEATON,AUTO
2016-0090,1,7/14/2016,22:00:00,AVENIDA,"SALGUERO, JERONIMO y RIVADAVIA AV.",5,-58.41971993,-34.61112240,PEATON,PASAJEROS
2016-0092,1,7/15/2016,11:00:00,GRAL PAZ,"PAZ, GRAL. AV. y DEL LIBERTADOR AV.",13,-58.46743471,-34.53476874,MOTO,CARGAS
2016-0093,1,7/17/2016,3:30:00,AVENIDA,"ALBERDI, JUAN BAUTISTA AV. y MITRE, EMILIO",6,-58.44362126,-34.62301748,AUTO,AUTO
2016-0095,1,7/23/2016,6:12:00,AVENIDA,MERCEDES y MOSCONI GENERAL AV.,11,-58.51713095,-34.59546519,MOTO,AUTO
2016-0096,1,7/25/2016,7:00:00,AUTOPISTA,AUTOPISTA DELLEPIANE LUIS TTE. GRAL.,8,-58.47433193007387,-34.66684950051973,MOTO,CARGAS
2016-0097,1,7/26/2016,18:45:00,CALLE,SOLIS y MEXICO,1,-58.39038605,-34.61562810,PEATON,AUTO
2016-0098,1,7/27/2016,16:08:00,AVENIDA,SAN JUAN AV. y ALBERTI,3,-58.40042405,-34.62356174,MOTO,CARGAS
2016-0099,1,7/29/2016,16:00:00,GRAL PAZ,"MOSCONI GENERAL AV. y PAZ, GRAL. AV.",11,-58.52340614,-34.59798754,CARGAS,CARGAS
2016-0100,1,8/3/2016,23:27:00,GRAL PAZ,"PAZ, GRAL. AV. y DONADO",12,-58.49491054,-34.54795581,MOTO,OBJETO FIJO
2016-0101,1,8/7/2016,19:42:00,GRAL PAZ,"PAZ, GRAL. AV. y CHAVEZ, JORGE",9,-58.52932872,-34.65014993,MOTO,AUTO
2016-0102,1,8/10/2016,23:37:00,AVENIDA,"PERON, EVA AV. y SUAREZ, JOSE LEON",9,-58.50011639,-34.67316502,MOTO,CARGAS
2016-0104,1,8/14/2016,21:15:00,AVENIDA,ZINNY y SANTIAGO DE COMPOSTELA AV.,9,-58.46635001,-34.65624369,MOTO,PASAJEROS
2016-0105,1,8/17/2016,0:05:00,AVENIDA,"LACROZE, FEDERICO AV. y FRAGA",15,-58.45343236,-34.58435809,PEATON,PASAJEROS
2016-0106,1,8/19/2016,21:02:00,AVENIDA,"PELLEGRINI, CARLOS y DEL LIBERTADOR AV.",1,-58.38090932,-34.58927731,PEATON,PASAJEROS
2016-0107,1,8/20/2016,8:22:00,AUTOPISTA,AUTOPISTA 1 SUR PRESIDENTE ARTURO FRONDIZI y DON PEDRO DE MENDOZA AV.,4,-58.37157668,-34.65429986,MOTO,AUTO
2016-0109,1,8/24/2016,5:45:00,AUTOPISTA,AUTOPISTA PERITO MORENO y BARRAGAN,9,-58.52280139,-34.63659934,AUTO,OBJETO FIJO
2016-0110,1,8/24/2016,20:21:00,AVENIDA,"ALBERDI, JUAN BAUTISTA AV. y CARHUE",9,-58.51232237,-34.65903530,PEATON,AUTO
2016-0111,1,8/25/2016,9:30:00,AUTOPISTA,LUGONES y LA PAMPA,15,-58.47461905,-34.57663634,MOTO,CARGAS
2016-0112,1,8/27/2016,4:40:00,AUTOPISTA,AUTOPISTA 25 DE MAYO y AUTOPISTA 1 SUR PRESIDENTE ARTURO FRONDIZI,1,-58.38268809,-34.62282019,MOTO,OBJETO FIJO
2016-0113,1,8/27/2016,16:45:00,AVENIDA,"ALBERDI, JUAN BAUTISTA AV. y GUARDIA NACIONAL",9,-58.49603546,-34.64564271,PEATON,PASAJEROS
2016-0114,1,8/31/2016,11:20:00,CALLE,"SALGUERO, JERONIMO 1410",14,-58.41848605,-34.59394733,BICICLETA,CARGAS
2016-0115,1,9/2/2016,11:50:00,CALLE,ARIAS y TRONADOR,12,-58.48935041,-34.54917673,MOTO,CARGAS
2016-0116,1,9/2/2016,20:20:00,AVENIDA,27 DE FEBRERO AV. y ESCALADA AV.,8,-58.44451316,-34.68475866,MOTO,AUTO
2016-0117,1,9/3/2016,15:30:00,AVENIDA,DEL LIBERTADOR AV. y TAGLE,14,-58.39936478,-34.58271474,AUTO,AUTO
2016-0118,1,9/4/2016,3:30:00,AUTOPISTA,AUTOPISTA 1 SUR PRESIDENTE ARTURO FRONDIZI KM. 2.9,1,-58.37936704,-34.62694503,AUTO,AUTO
2016-0119,1,9/4/2016,6:40:00,AVENIDA,"LARRALDE, CRISOLOGO AV. y TRIUNVIRATO AV.",12,-58.49659234,-34.56353635,MOTO,AUTO
2016-0122,1,9/13/2016,7:10:00,AVENIDA,"PERON, EVA AV. 4233",9,-58.47256391,-34.65194557,BICICLETA,PASAJEROS
2016-0123,1,9/14/2016,9:00:00,AVENIDA,"ASAMBLEA AV. y BONORINO, ESTEBAN, CNEL. AV.",7,-58.45130953,-34.64053676,MOTO,AUTO
2016-0124,1,9/16/2016,15:24:00,AVENIDA,RIVADAVIA AV. y RIVERA INDARTE AV.,7,-58.46271207,-34.62884871,PEATON,PASAJEROS
2016-0125,1,9/17/2016,12:14:00,AUTOPISTA,"AUTOPISTA PERITO MORENO y ALBERDI, JUAN BAUTISTA AV.",10,-58.49020869,-34.64243791,MOTO,MOTO
2016-0126,2,9/18/2016,22:45:00,CALLE,IRIGOYEN y TINOGASTA,10,-58.52572109,-34.62125906,AUTO,CARGAS
2016-0127,1,9/24/2016,10:25:00,AVENIDA,"ACOSTA, MARIANO y ROCA, CNEL. AV.",8,-58.44094791,-34.66677111,PEATON,PASAJEROS
2016-0128,1,10/2/2016,11:30:00,AVENIDA,CASTRO y PAVON AV.,5,-58.41914024,-34.63053890,PEATON,PASAJEROS
2016-0130,1,10/4/2016,12:30:00,AUTOPISTA,AUTOPISTA 1 SUR PRESIDENTE ARTURO FRONDIZI y BRASIL,1,-58.37910942,-34.62764717,MOTO,CARGAS
2016-0131,1,10/9/2016,19:13:00,CALLE,MIRAVE 3500,4,-58.39871183,-34.64539318,PEATON,AUTO
2016-0132,1,10/10/2016,2:30:00,AVENIDA,SAN JUAN AV. y 24 DE NOVIEMBRE,3,-58.41036975,-34.62477021,AUTO,PASAJEROS
2016-0133,1,10/14/2016,0:05:00,AVENIDA,LAS HERAS GENERAL AV. y SANCHEZ DE BUSTAMANTE,14,-58.40204698,-34.58342690,MOTO,AUTO
2016-0134,1,10/23/2016,5:00:00,AVENIDA,PIEDRA BUENA AV. y 2 DE ABRIL DE 1982,8,-58.48935287,-34.67648597,MOTO,OBJETO FIJO
2016-0135,1,10/24/2016,5:00:00,AVENIDA,"FIGUEROA ALCORTA, PRES. AV. y PINEDO, INT.",14,-58.42260225,-34.56403694,PEATON,AUTO
2016-0136,1,10/25/2016,0:00:00,AUTOPISTA,AU BUENOS AIRES - LA PLATA KM. 4,4,.,.,MOTO,CARGAS
2016-0137,1,10/25/2016,0:39:00,AVENIDA,SAN MARTIN AV. y LADINES,11,-58.51537091,-34.59035925,MOTO,MOTO
2016-0138,1,10/27/2016,20:30:00,AVENIDA,CABILDO AV. y BLANCO ENCALADA,13,-58.45909670,-34.55922742,BICICLETA,CARGAS
2016-0139,1,10/28/2016,23:00:00,AVENIDA,"FIGUEROA ALCORTA, PRES. AV. y DORREGO AV.",14,-58.42008769,-34.56539579,MOTO,MOTO
2016-0140,1,10/31/2016,2:58:00,AVENIDA,JURAMENTO AV. y VUELTA DE OBLIGADO,13,-58.45566399,-34.56147293,PASAJEROS,PASAJEROS
2016-0142,1,11/5/2016,23:30:00,AVENIDA,"DEL LIBERTADOR AV. y RAMOS MEJIA, JOSE MARIA, DR. AV.",1,-58.37533517,-34.59276462,MOTO,PASAJEROS
2016-0143,1,11/6/2016,4:41:00,AVENIDA,27 DE FEBRERO AV. y ESCALADA AV.,8,-58.44451316,-34.68475866,MOTO,AUTO
2016-0144,1,11/7/2016,12:10:00,AVENIDA,"BROWN, ALTE. AV. 984",4,-58.35975012,-34.63343907,PEATON,PASAJEROS
2016-0145,1,11/7/2016,20:56:00,AVENIDA,DEL LIBERTADOR AV. y LA PAMPA,13,-58.44523595,-34.55953855,MOTO,AUTO
2016-0146,1,11/9/2016,20:00:00,AVENIDA,PICHINCHA AV. y BRASIL,4,-58.39626094,-34.63036565,PEATON,PASAJEROS
2016-0147,1,11/16/2016,21:15:00,AVENIDA,"INDEPENDENCIA AV. y CEVALLOS, VIRREY",1,-58.38896772,-34.61799615,MOVIL,PASAJEROS
2016-0148,1,11/16/2016,22:20:00,AVENIDA,GARMENDIA AV. 4895,15,-58.46536113,-34.59484504,MOTO,MOTO
2016-0150,1,11/18/2016,18:20:00,AVENIDA,"ALCORTA, AMANCIO AV. y TABORDA, DIOGENES",4,-58.40879146,-34.65273216,CARGAS,CARGAS
2016-0151,1,11/18/2016,20:35:00,CALLE,SD,0,.,.,PEATON,AUTO
2016-0152,1,11/23/2016,21:10:00,AVENIDA,"MORENO, PERITO AV. y ZUVIRIA",7,-58.46451841,-34.64991946,MOTO,AUTO
2016-0153,1,11/25/2016,15:42:00,AVENIDA,ARAOZ y CORDOBA AV.,15,-58.42917090,-34.59485488,PEATON,MOTO
2016-0154,1,11/26/2016,14:14:00,GRAL PAZ,"PAZ, GRAL. AV. 15200",8,-58.49007772,-34.68251141,MOTO,MOTO
2016-0155,1,11/26/2016,16:50:00,CALLE,MADERO 900,10,-58.52756365,-34.62772274,PEATON,AUTO
2016-0156,1,11/26/2016,19:40:00,AVENIDA,INDEPENDENCIA AV. y DEAN FUNES,3,-58.40638983,-34.61943202,MOTO,PASAJEROS
2016-0157,1,12/3/2016,6:40:00,AVENIDA,"JUSTO, JUAN B. AV. 5645",11,-58.47576807,-34.61740997,MOTO,MOTO
2016-0159,1,12/4/2016,7:21:00,AVENIDA,27 DE FEBRERO AV. y ESCALADA AV.,8,-58.44451316,-34.68475866,AUTO,AUTO
2016-0160,1,12/6/2016,5:30:00,AUTOPISTA,AUTOPISTA PERITO MORENO (ALTURA VELEZ SARSFIELD),9,-58.51927194,-34.63635787,CARGAS,OBJETO FIJO
2016-0161,1,12/6/2016,7:22:00,AVENIDA,SANTA FE AV. y GODOY CRUZ,14,-58.42525456,-34.57866344,PEATON,PASAJEROS
2016-0162,1,12/7/2016,5:00:00,AVENIDA,"LACROZE, FEDERICO AV. y FOREST AV.",15,-58.45396573,-34.58518167,PEATON,AUTO
2016-0163,1,12/10/2016,7:30:00,GRAL PAZ,"PAZ, GRAL. AV. y MOSCONI GENERAL AV.",11,-58.52340614,-34.59798754,MOTO,AUTO
2016-0164,1,12/11/2016,6:16:00,AVENIDA,"LA PLATA AV. y POMAR, GREGORIO TTE. CNEL.",4,-58.42323628,-34.64119105,AUTO,AUTO
2016-0165,1,12/12/2016,8:25:00,AVENIDA,"GARCIA, MARTIN AV. 300",4,-58.36926144,-34.62841919,BICICLETA,PASAJEROS
2016-0168,1,12/13/2016,10:40:00,AVENIDA,"LA PLATA AV. y POMAR, GREGORIO TTE. CNEL.",4,-58.42323628,-34.64119105,MOTO,AUTO
2016-0169,1,12/15/2016,15:30:00,AVENIDA,"NUÃ‘EZ y BALBIN, RICARDO, DR. AV.",12,-58.47935434,-34.55676497,MOTO,PASAJEROS
2016-0170,1,12/19/2016,17:10:00,GRAL PAZ,"PAZ, GRAL. AV. 4500",12,-58.50598256,-34.56379980,MOTO,AUTO
2016-0171,1,12/25/2016,19:00:00,AUTOPISTA,"HUERGO, ING. AV. y AUTOPISTA 25 DE MAYO",1,-58.36607137,-34.62150748,MOTO,MOTO
2016-0172,1,12/26/2016,8:00:00,AVENIDA,"GARAY, JUAN DE AV. y CASTRO",5,-58.41918902,-34.63174259,MOTO,CARGAS
2016-0173,1,12/26/2016,19:52:00,AVENIDA,DIRECTORIO AV. y SAN PEDRITO AV.,7,-58.46749188,-34.63551751,MOTO,CARGAS
2016-0174,1,12/27/2016,0:00:00,AUTOPISTA,AUTOPISTA 25 DE MAYO,0,.,.,MOTO,AUTO
2016-0175,1,12/27/2016,8:15:00,CALLE,"FALCON, RAMON L.,CNEL. y MEMBRILLAR",7,-58.46064174,-34.62960517,PEATON,BICICLETA
2016-0176,1,12/28/2016,1:41:00,AVENIDA,BELGRANO AV. y PASEO COLON AV.,1,-58.36956186,-34.61232875,MOTO,PASAJEROS
2016-0177,1,12/29/2016,4:00:00,CALLE,ARENALES 3319,14,-58.40966671,-34.58788235,PEATON,AUTO
2016-0178,1,12/30/2016,16:18:00,CALLE,REPUBLICA BOLIVARIANA DE VENEZUELA y SAAVEDRA,3,-58.40288226,-34.61544091,PEATON,MULTIPLE
2017-0001,1,1/2/2017,1:00:00,AVENIDA,"JUSTO, JUAN B. AV. y ACHUPALLAS",11,-58.46594230,-34.61028571,MOTO,CARGAS
2017-0003,1,1/5/2017,3:10:00,AVENIDA,OLAVARRIA y VELEZ SARSFIELD AV.,4,-58.38957669,-34.64410277,CARGAS,CARGAS
2017-0007,1,1/11/2017,17:00:00,CALLE,LIMA y MEXICO,1,-58.38161660,-34.61529543,PEATON,MULTIPLE
2017-0008,1,1/16/2017,0:40:00,CALLE,"CABRERA, JOSE A. y BONPLAND",14,-58.43917004,-34.58494351,MOTO,PASAJEROS
2017-0009,1,1/16/2017,13:56:00,AUTOPISTA,AUTOPISTA 25 DE MAYO y BOEDO AV.,5,-58.41595919,-34.62743346,MOTO,CARGAS
2017-0010,1,1/16/2017,16:30:00,AVENIDA,DIRECTORIO AV. y RIGLOS,6,-58.43564880,-34.62828656,MOTO,AUTO
2017-0011,1,1/22/2017,2:30:00,GRAL PAZ,"PAZ, GRAL. AV. y BALBIN, RICARDO, DR. AV.",12,-58.50073810,-34.54979510,MOTO,OBJETO FIJO
2017-0012,1,1/24/2017,14:00:00,CALLE,"TRAFUL y TABORDA, DIOGENES",4,-58.40969005,-34.65055290,MOTO,CARGAS
2017-0013,1,1/27/2017,7:00:00,AVENIDA,"IRIARTE, GRAL. AV. 3055",4,-58.38972622,-34.65098981,PEATON,CARGAS
2017-0014,1,1/28/2017,8:27:34,AVENIDA,DONADO y ARIAS,12,-58.49185972,-34.55046754,MOTO,MULTIPLE
2017-0015,1,2/2/2017,15:18:03,AVENIDA,CORDOBA AV. y CALLAO AV.,2,-58.39293417,-34.59963642,PEATON,AUTO
2017-0016,1,2/3/2017,5:12:21,AUTOPISTA,AUTOPISTA 25 DE MAYO KM. 8.3,1,-58.38099494,-34.62288231,MOTO,CARGAS
2017-0017,1,2/6/2017,8:00:00,AVENIDA,"JUSTO, JUAN B. AV. y PARAGUAY",14,-58.42901200,-34.58095431,MOTO,AUTO
2017-0018,1,2/9/2017,7:00:00,GRAL PAZ,"PAZ, GRAL. AV. y DE LOS CORRALES AV.",9,-58.50877521,-34.66977709,MOTO,AUTO
2017-0021,1,2/18/2017,5:30:00,CALLE,SARMIENTO y LIBERTAD,1,-58.38362373,-34.60509972,MOTO,PASAJEROS
2017-0024,1,2/23/2017,20:50:00,AVENIDA,RIVADAVIA AV. 7121,7,-58.46589308,-34.62955795,PEATON,PASAJEROS
2017-0025,1,2/24/2017,17:05:00,AVENIDA,"FERNANDEZ DE LA CRUZ, F., GRAL. AV. y RIVERA INDARTE AV.",7,-58.43614426,-34.65424640,MOTO,AUTO
2017-0026,2,2/26/2017,5:15:00,AVENIDA,"MORENO, PERITO AV. y FOURNIER",4,-58.41842777,-34.64979057,AUTO,OBJETO FIJO
2017-0027,1,2/26/2017,21:57:00,AVENIDA,CASEROS AV. 1429,1,-58.38332245,-34.63193250,PEATON,AUTO
2017-0028,1,2/28/2017,9:20:00,AVENIDA,GAONA AV. y FRAGATA PRES. SARMIENTO,6,-58.45475488,-34.61196327,PEATON,AUTO
2017-0029,1,3/7/2017,2:15:00,CALLE,MOZART y TANDIL,9,-58.48501341,-34.64742455,MOTO,AUTO
2017-0030,1,3/7/2017,8:00:00,AVENIDA,MOZART y AUTOPISTA DELLEPIANE LUIS TTE. GRAL.,9,-58.47010988,-34.65872088,AUTO,PASAJEROS
2017-0031,1,3/11/2017,1:30:00,CALLE,24 DE NOVIEMBRE y PAVON,3,-58.40997560,-34.62873635,AUTO,OBJETO FIJO
2017-0032,1,3/12/2017,5:00:00,GRAL PAZ,"PAZ, GRAL. AV. y LOS CEDROS",8,-58.48892175,-34.68359163,AUTO,AUTO
2017-0033,1,3/12/2017,7:30:00,GRAL PAZ,"PAZ, GRAL. AV. y GUTIERREZ, RICARDO",11,-58.52466448,-34.60325478,AUTO,AUTO
2017-0034,1,3/13/2017,7:50:00,CALLE,GODOY CRUZ 2651,14,-58.42554218,-34.57929036,PEATON,AUTO
2017-0035,3,3/23/2017,5:00:00,AVENIDA,"ACHAVAL RODRIGUEZ, T., DR. AV. y VILLAFLOR, AZUCENA",1,-58.35881506,-34.61113641,AUTO,OBJETO FIJO
2017-0036,2,3/29/2017,18:00:00,GRAL PAZ,"PAZ, GRAL. AV. y CAMPANA",12,-58.51452347,-34.58159762,MOTO,PASAJEROS
2017-0037,1,3/31/2017,3:00:00,AVENIDA,"INDEPENDENCIA AV. y CEVALLOS, VIRREY",1,-58.38896772,-34.61799615,MOTO,CARGAS
2017-0038,1,4/1/2017,19:00:00,AVENIDA,CASTAÃ‘ARES AV. y LAUTARO,7,-58.44516857,-34.64363363,MOTO,AUTO
2017-0040,1,4/3/2017,9:40:00,AVENIDA,"GUIRALDES, INT. 2699",13,-58.43834197,-34.54560369,AUTO,MULTIPLE
2017-0041,1,4/3/2017,23:15:00,CALLE,"FERNANDEZ MORENO, BALDOMERO 2186",7,-58.45485084,-34.63531854,MOTO,AUTO
2017-0042,1,4/10/2017,9:00:00,GRAL PAZ,"LUGONES, LEOPOLDO AV.",14,.,.,MOTO,CARGAS
2017-0045,1,4/14/2017,6:15:00,CALLE,NOGOYA 5940,10,-58.52449285,-34.62454175,MOTO,OBJETO FIJO
2017-0047,1,4/23/2017,6:30:00,AVENIDA,ARGENTINA AV. y CORVALAN,8,-58.46713742,-34.67198790,MOTO,AUTO
2017-0049,1,4/27/2017,18:16:00,AVENIDA,"FERNANDEZ DE LA CRUZ, F., GRAL. AV. y VARELA AV.",8,-58.43850413,-34.65554754,PEATON,PASAJEROS
2017-0050,2,4/28/2017,11:08:08,AUTOPISTA,AU PERITO MORENO Y RAMAL ENLACE AU1/AU6,9,.,.,MOTO,CARGAS
2017-0051,1,5/1/2017,3:47:47,AUTOPISTA,AU DELLEPIANE 2400,7,.,.,AUTO,AUTO
2017-0052,1,5/5/2017,3:40:00,GRAL PAZ,"PAZ, GRAL. AV. y GOLETA SANTA CRUZ",8,-58.49413799,-34.68095739,PEATON,CARGAS
2017-0053,1,5/5/2017,20:16:22,CALLE,VIEYTES y VILLARINO,4,-58.37547846,-34.65326075,MOTO,CARGAS
2017-0054,1,5/7/2017,21:00:00,AVENIDA,"DE LOS CONSTITUYENTES AV. y MORAN, PEDRO",15,-58.48680218,-34.58689719,MOTO,AUTO
2017-0055,1,5/9/2017,8:30:00,AVENIDA,DE LOS CONSTITUYENTES AV. 4900,12,-58.49563989,-34.57962262,AUTO,AUTO
2017-0058,1,5/9/2017,23:10:00,AVENIDA,CORDOBA AV. y LIBERTAD,1,-58.38403232,-34.59915940,PEATON,MOTO
2017-0059,1,5/11/2017,9:24:00,CALLE,BRASIL y LIMA,1,-58.38223382,-34.62693865,PEATON,PASAJEROS
2017-0060,1,5/13/2017,7:20:00,AVENIDA,"ESCALADA AV. y FERNANDEZ DE LA CRUZ, F., GRAL. AV.",8,-58.45966521,-34.67323292,MOTO,OBJETO FIJO
2017-0061,1,5/15/2017,13:29:30,AVENIDA,PARAGUAY y CALLAO AV.,2,-58.39303911,-34.59871111,PEATON,MOTO
2017-0062,1,5/15/2017,16:00:00,AVENIDA,"JUSTO, JUAN B. AV. y SAN BLAS",10,-58.51262106,-34.63395999,MOTO,CARGAS
2017-0063,1,5/17/2017,10:13:00,AVENIDA,CHILE y 9 DE JULIO AV.,1,-58.38118367,-34.61646839,PEATON,PASAJEROS
2017-0064,1,5/20/2017,5:00:00,CALLE,"MAIPU y PERON, JUAN DOMINGO, TTE. GENERAL",1,-58.37653284,-34.60582475,CARGAS,AUTO
2017-0065,1,5/22/2017,16:00:00,AVENIDA,SUAREZ AV. y HERRERA,4,-58.37709334,-34.64035082,BICICLETA,CARGAS
2017-0066,1,5/22/2017,18:10:00,AVENIDA,SAN MARTIN AV. y FRAGATA PRES. SARMIENTO,15,-58.46002142,-34.60409469,PEATON,PASAJEROS
2017-0067,1,5/23/2017,2:45:00,AVENIDA,"DIRECTORIO AV. y MORENO, JOSE MARIA AV.",6,-58.43381970,-34.62801894,MOTO,CARGAS
2017-0068,1,5/27/2017,19:50:00,AVENIDA,"RABANAL, FRANCISCO, INTENDENTE AV. 2950",8,-58.43580656,-34.66437532,MOTO,OBJETO FIJO
2017-0069,1,5/24/2017,14:15:00,GRAL PAZ,"PAZ, GRAL. AV. y SCHMIDL, ULRICO",9,-58.52173071,-34.65997463,MOTO,AUTO
2017-0070,1,5/30/2017,13:20:00,CALLE,NUEVA YORK 3696,11,-58.50791763,-34.59804273,PEATON,AUTO
2017-0072,1,6/3/2017,23:20:00,AVENIDA,DE LOS CONSTITUYENTES AV. y VALLEJOS,12,-58.49175088,-34.58226957,AUTO,AUTO
2017-0073,1,6/4/2017,9:00:00,AVENIDA,CORRIENTES AV. y ECUADOR,3,-58.40781467,-34.60425669,MOTO,AUTO
2017-0074,1,6/4/2017,12:50:00,CALLE,CASCO 133,9,-58.52567073,-34.63787791,MOTO,AUTO
2017-0075,1,6/12/2017,22:38:00,AVENIDA,DE MAYO AV. y 9 DE JULIO AV.,1,-58.38154200,-34.60906385,PEATON,MOTO
2017-0076,1,6/13/2017,14:50:00,AVENIDA,"CASTILLO, RAMON S., PRES. AV. y CALLE 12 (NO OFICIAL)",2,-58.38526125,-34.57805810,PEATON,CARGAS
2017-0077,1,6/17/2017,23:45:00,CALLE,FRAY JUSTO SANTAMARIA DE ORO 1930,14,-58.42934104,-34.58451712,MOTO,CARGAS
2017-0079,1,6/19/2017,16:26:00,CALLE,MEXICO y DEAN FUNES,3,-58.40657493,-34.61781124,MOTO,CARGAS
2017-0080,1,6/22/2017,10:15:00,AVENIDA,"ALBERDI, JUAN BAUTISTA AV. y ESCALADA AV.",9,-58.49525314,-34.64487785,PEATON,CARGAS
2017-0082,1,6/25/2017,22:40:00,AVENIDA,ENTRE RIOS AV. y BRASIL,4,-58.39092851,-34.62932696,PEATON,AUTO
2017-0083,1,7/4/2017,0:25:00,AVENIDA,"ALBERDI, JUAN BAUTISTA AV. y GUARDIA NACIONAL",9,-58.49603546,-34.64564271,MOTO,CARGAS
2017-0084,1,7/5/2017,12:49:00,AVENIDA,DEL LIBERTADOR AV. y RODRIGUEZ PEÃ‘A,2,-58.38502878,-34.58703485,PEATON,PASAJEROS
2017-0085,1,7/7/2017,14:15:00,AVENIDA,"TACUARI y GARCIA, MARTIN AV.",4,-58.37261143,-34.63150425,PEATON,PASAJEROS
2017-0086,1,7/9/2017,7:30:00,AVENIDA,RIVADAVIA AV. y MURGUIONDO,9,-58.51876802,-34.63905965,PEATON,MOTO
2017-0087,1,7/10/2017,10:45:00,CALLE,24 DE NOVIEMBRE 390,3,-58.41095567,-34.61516101,PEATON,AUTO
2017-0088,1,7/10/2017,22:30:00,AVENIDA,PASEO COLON AV. y BRASIL AV.,1,-58.36797542,-34.62519403,PEATON,PASAJEROS
2017-0089,1,7/13/2017,12:05:00,CALLE,"LEGUIZAMON, MARTINIANO 901",9,-58.51514709,-34.64787051,MOTO,AUTO
2017-0090,1,7/15/2017,5:15:00,GRAL PAZ,"CHIVILCOY AV. y PAZ, GRAL. AV.",11,-58.51925642,-34.59171721,PEATON,AUTO
2017-0091,1,7/15/2017,13:00:00,GRAL PAZ,"SUPERI y PAZ, GRAL. AV.",12,-58.48671535,-34.54321216,MOTO,AUTO
2017-0092,1,7/24/2017,22:16:01,AUTOPISTA,AUTOPISTA 25 DE MAYO y AUTOPISTA 1 SUR PRESIDENTE ARTURO FRONDIZI,1,-58.38268809,-34.62282019,PEATON,AUTO
2017-0093,1,7/25/2017,16:48:40,AUTOPISTA,"LUGONES, LEOPOLDO AV. y PUENTE DISTRIBUIDOR SCALABRINI ORTIZ",13,-58.43633522,-34.54966288,PEATON,AUTO
2017-0094,1,7/27/2017,8:50:00,CALLE,"HUGO, VICTOR 2639",10,-58.52640838,-34.61765855,BICICLETA,CARGAS
2017-0095,1,8/6/2017,8:00:00,AVENIDA,"CORDOBA AV. y SALGUERO, JERONIMO",14,-58.41894306,-34.59778875,MOTO,AUTO
2017-0096,1,8/7/2017,19:50:00,AVENIDA,CABILDO AV. y NUÃ‘EZ,13,-58.46756026,-34.54972741,PEATON,PASAJEROS
2017-0098,1,8/8/2017,12:10:00,CALLE,"BONIFACIO, JOSE 2114",7,-58.45715752,-34.63132912,PEATON,AUTO
2017-0099,1,8/17/2017,19:45:00,AVENIDA,"FIGUEROA ALCORTA, PRES. AV. 5400",14,-58.42406784,-34.56213916,BICICLETA,AUTO
2017-0100,1,8/21/2017,7:45:00,CALLE,REPUBLICA BOLIVARIANA DE VENEZUELA 2135,3,-58.39674470,-34.61512051,MOTO,OBJETO FIJO
2017-0101,1,8/23/2017,10:00:00,AVENIDA,"LACROZE, FEDERICO AV. y ZAPATA",13,-58.44537508,-34.57084818,PEATON,MULTIPLE
2017-0102,1,8/24/2017,1:10:00,AVENIDA,"IRIARTE, GRAL. AV. y ZAVALETA",4,-58.40056767,-34.65107080,PEATON,CARGAS
2017-0104,1,8/25/2017,9:00:00,AVENIDA,9 DE JULIO AV. y ESTADOS UNIDOS,1,-58.38109568,-34.61853244,PEATON,CARGAS
2017-0106,1,8/31/2017,19:50:00,CALLE,FRAY JUSTO SANTAMARIA DE ORO y GUEMES,14,-58.42533612,-34.58035258,PEATON,PASAJEROS
2017-0107,1,9/1/2017,11:30:00,AVENIDA,DEL LIBERTADOR AV. y JARAMILLO,13,-58.46062311,-34.54395182,MOTO,CARGAS
2017-0108,2,9/2/2017,4:53:08,GRAL PAZ,"PAZ, GRAL. AV. y MACHAIN",12,-58.49491054,-34.54795581,OBJETO FIJO,AUTO
2017-0109,1,9/4/2017,21:00:00,AVENIDA,DIRECTORIO AV. y PORTELA,7,-58.47130269,-34.63665402,MOTO,AUTO
2017-0110,1,9/6/2017,14:15:00,AVENIDA,"LAVALLE y ALEM, LEANDRO N. AV.",1,-58.37048800,-34.60189492,PEATON,PASAJEROS
2017-0111,1,9/7/2017,18:23:37,CALLE,USPALLATA y PIROVANO,4,-58.42023854,-34.64234110,PEATON,CARGAS
2017-0112,2,9/10/2017,9:32:17,AUTOPISTA,AUTOPISTA 25 DE MAYO y VARELA AV.,7,-58.45807401,-34.63997430,AUTO,OBJETO FIJO
2017-0113,1,9/11/2017,6:30:00,AVENIDA,SANTA FE AV. y MAIPU,1,-58.37697717,-34.59573848,PEATON,PASAJEROS
2017-0114,1,9/15/2017,2:30:00,AVENIDA,ALVEAR AV. y DEL LIBERTADOR AV.,2,-58.39100580,-34.58498660,AUTO,OBJETO FIJO
2017-0115,1,9/19/2017,18:52:33,AVENIDA,PAVON AV. y TREINTA Y TRES ORIENTALES,5,-58.42182126,-34.63089661,MOTO,BICICLETA
2017-0116,1,9/20/2017,22:24:00,GRAL PAZ,"PAZ, GRAL. AV. 5750",12,-58.51389422,-34.58075791,MOTO,OBJETO FIJO
2017-0118,1,9/22/2017,7:02:09,AVENIDA,"VIEYTES y CRUZ, OSVALDO AV.",4,-58.37585415,-34.65232158,MOTO,AUTO
2017-0120,1,10/2/2017,15:55:33,AUTOPISTA,AUTOPISTA DELLEPIANE LUIS TTE. GRAL. y ESCALADA AV.,9,-58.47297505,-34.66245085,MOTO,CARGAS
2017-0123,1,10/10/2017,1:05:38,AVENIDA,ALBARIÃ‘O y ARGENTINA AV.,8,-58.46855503,-34.67216349,PEATON,AUTO
2017-0124,1,10/12/2017,14:40:28,CALLE,"RAMIREZ DE VELASCO, JUAN 1211",15,-58.44254033,-34.59185043,MOTO,PASAJEROS
2017-0125,1,10/13/2017,6:12:20,AVENIDA,"FERNANDEZ DE LA CRUZ, F., GRAL. AV. y LARRAYA",8,-58.46622247,-34.67926929,MOTO,OBJETO FIJO
2017-0126,2,10/14/2017,6:15:00,AVENIDA,RIESTRA AV. y CAÃ‘ADA DE GOMEZ,8,-58.48003734,-34.68148508,AUTO,OBJETO FIJO
2017-0127,1,10/16/2017,7:45:00,AVENIDA,GALLO y CORDOBA AV.,2,-58.41192137,-34.59800248,MOTO,MOTO
2017-0128,1,10/17/2017,12:30:00,CALLE,"ARANGUREN, JUAN F., DR. 611",6,-58.44034689,-34.61349731,PEATON,PASAJEROS
2017-0129,1,10/26/2017,19:15:15,AUTOPISTA,AUTOPISTA PERITO MORENO y AUTOPISTA 25 DE MAYO,9,-58.47155277,-34.64925746,MOTO,PASAJEROS
2017-0130,1,10/27/2017,5:30:00,AVENIDA,CHORROARIN y SAN MARTIN AV.,15,-58.47883099,-34.59967065,AUTO,CARGAS
2017-0132,1,10/30/2017,14:00:00,AVENIDA,"COSQUIN y ROCA, CNEL. AV.",8,-58.46552171,-34.69374130,MOTO,PASAJEROS
2017-0134,1,11/6/2017,18:00:00,AVENIDA,"ROCA, CNEL. AV. 3555",8,-58.44239720,-34.66777987,PEATON,PASAJEROS
2017-0135,1,11/7/2017,12:14:10,AVENIDA,WARNES AV. y PUNTA ARENAS,15,-58.47032551,-34.59626814,MOTO,CARGAS
2017-0136,1,11/16/2017,8:43:00,AVENIDA,"BARCO CENTENERA DEL y RABANAL, FRANCISCO, INTENDENTE AV.",4,-58.41827843,-34.65522746,PEATON,PASAJEROS
2017-0137,1,11/17/2017,11:45:00,AVENIDA,MOSCONI GENERAL AV. y SAN NICOLAS,11,-58.51280715,-34.59279388,PEATON,CARGAS
2017-0138,1,11/19/2017,10:30:00,AVENIDA,"LAFUENTE AV. y PERON, EVA AV.",7,-58.46258582,-34.64385704,MOTO,OBJETO FIJO
2017-0139,1,11/19/2017,22:30:00,AVENIDA,"ROCA, CNEL. AV. y ESCALADA AV.",8,-58.45064148,-34.68003614,AUTO,OBJETO FIJO
2017-0140,1,11/19/2017,23:22:17,AUTOPISTA,AUTOPISTA 1 SUR PRESIDENTE ARTURO FRONDIZI,4,.,.,MOTO,PASAJEROS
2017-0141,1,11/23/2017,19:45:00,AVENIDA,"LA PLATA AV. y GOYENA, PEDRO AV.",6,-58.42717783,-34.62513374,PEATON,PASAJEROS
2017-0143,1,11/25/2017,21:45:00,CALLE,"TRELLES, MANUEL R. y DIAZ, CESAR, GRAL.",11,-58.46442001,-34.60724519,AUTO,PASAJEROS
2017-0144,1,11/26/2017,6:45:00,GRAL PAZ,"ROCA, CNEL. AV. y PAZ, GRAL. AV.",8,-58.47064556,-34.69843756,AUTO,OBJETO FIJO
2017-0145,1,11/26/2017,17:05:00,CALLE,MAZA y DON BOSCO,5,-58.41677733,-34.61223119,MOTO,AUTO
2017-0147,1,11/28/2017,11:15:00,GRAL PAZ,"PAZ, GRAL. AV. y PERON, EVA AV.",9,-58.50251790,-34.67450313,MOTO,AUTO
2017-0148,1,11/29/2017,10:45:00,AVENIDA,SAN JUAN AV. y LA RIOJA,3,-58.40708125,-34.62438894,PEATON,PASAJEROS
2017-0149,1,11/30/2017,12:20:00,AVENIDA,PASEO COLON AV. y MEXICO,1,-58.36947198,-34.61477051,PEATON,PASAJEROS
2017-0150,1,12/4/2017,1:15:00,AVENIDA,RIVADAVIA AV. y MIRALLA,9,-58.51140889,-34.63934531,PEATON,AUTO
2017-0151,1,12/4/2017,2:15:00,CALLE,VIEYTES y LUJAN,4,-58.37460912,-34.65559133,PEATON,PASAJEROS
2017-0152,1,12/6/2017,17:30:00,CALLE,CACHI y TRAFUL,4,-58.41146277,-34.65073916,BICICLETA,PASAJEROS
2017-0153,2,12/11/2017,2:00:00,AVENIDA,ROSARIO y LA PLATA AV.,6,-58.42855267,-34.61829385,MOTO,PASAJEROS
2017-0154,1,12/11/2017,9:15:00,AVENIDA,ENTRE RIOS AV. y CASEROS AV.,4,-58.39035581,-34.63412287,PEATON,PASAJEROS
2017-0155,1,12/12/2017,21:25:41,AVENIDA,RIVADAVIA AV. 6350,7,-58.45593915,-34.62656868,MOTO,MOTO
2017-0157,1,12/17/2017,9:02:00,GRAL PAZ,"PAZ, GRAL. AV. y HUMAITA",9,-58.52866211,-34.64597065,AUTO,PASAJEROS
2017-0158,1,12/18/2017,21:30:00,GRAL PAZ,"GUALEGUAYCHU y PAZ, GRAL. AV.",11,-58.52037476,-34.59407024,MOTO,AUTO
2017-0159,1,12/20/2017,4:31:27,AVENIDA,"INDEPENDENCIA AV. y CEVALLOS, VIRREY",1,-58.38896772,-34.61799615,MOTO,AUTO
2017-0160,1,12/22/2017,13:15:00,AVENIDA,NAZCA AV. 365,7,-58.47074114,-34.62771756,PEATON,MOTO
2017-0161,1,12/26/2017,15:30:00,AVENIDA,"PERON, EVA AV. 5249",9,-58.48200819,-34.65969965,PEATON,AUTO
2018-0001,1,1/1/2018,22:50:00,AVENIDA,SAN JUAN AV. y RINCON,3,-58.39536773,-34.62297346,PEATON,MOTO
2018-0002,1,1/3/2018,16:40:00,CALLE,PERU 937,1,-58.37456088,-34.61895467,BICICLETA,PASAJEROS
2018-0003,1,1/5/2018,10:12:00,AVENIDA,"PUEYRREDON, HONORIO, DR. AV. y GALICIA",15,-58.44860217,-34.60395657,PEATON,MULTIPLE
2018-0004,1,1/9/2018,09:40:00,AVENIDA,DEL LIBERTADOR AV. y MANZANARES,13,-58.46129513,-34.54332766,MOTO,MULTIPLE
2018-0005,1,1/9/2018,22:30:00,AVENIDA,PASEO COLON AV. 1019,1,-58.36907201,-34.61953517,PEATON,PASAJEROS
2018-0006,1,1/10/2018,21:15:00,CALLE,VALLE y BARCO CENTENERA DEL,6,-58.44062219,-34.62499107,BICICLETA,PASAJEROS
2018-0007,1,1/11/2018,02:30:00,AUTOPISTA,AUTOPISTA PERITO MORENO KM. 0.6,9,-58.52502765,-34.63601265,AUTO,AUTO
2018-0008,1,1/12/2018,17:50:00,AVENIDA,"HUERGO, ING. AV. e INDEPENDENCIA AV.",1,-58.36659655,-34.61687778,MOTO,CARGAS
2018-0009,1,1/14/2018,2:00:00,AVENIDA,"PILCOMAYO y BROWN, ALTE. AV.",4,-58.36737389,-34.62763661,MOTO,MOTO
2018-0010,1,1/18/2018,5:10:00,CALLE,"CERVANTES y BELAUSTEGUI, LUIS, DR.",10,-58.49807953,-34.63038658,MOTO,CARGAS
2018-0011,1,1/19/2018,10:30:00,AVENIDA,"CALLAO AV. y LOPEZ, VICENTE",2,-58.39092703,-34.59088447,PEATON,PASAJEROS
2018-0012,1,1/26/2018,13:30:00,CALLE,"OLIDEN y CHILAVERT, MARTINIANO, CORONEL",8,-58.46912006,-34.68049201,MOTO,PASAJEROS
2018-0013,1,1/28/2018,08:15:00,AVENIDA,CONGRESO AV. y GALVAN,12,-58.48661286,-34.56786129,MOTO,AUTO
2018-0014,1,1/31/2018,20:00:00,AVENIDA,"MORENO, PERITO AV. y RIVERA INDARTE AV.",7,-58.44074927,-34.65080597,PEATON,MOTO
2018-0015,2,2/6/2018,01:00:00,AVENIDA,AUSTRALIA AV. 2800,4,-58.38636298,-34.64684275,MOTO,PASAJEROS
2018-0016,1,2/15/2018,10:15:00,AVENIDA,"DEL LIBERTADOR AV. y RAMOS MEJIA, JOSE MARIA, DR. AV.",1,-58.37533517,-34.59276462,MOTO,CARGAS
2018-0017,1,2/17/2018,04:15:00,AVENIDA,SAN PEDRITO AV. y RIVADAVIA AV.,7,-58.46963952,-34.63070603,PEATON,AUTO
2018-0018,1,2/17/2018,07:15:00,CALLE,"ISABEL LA CATOLICA y SALVADORES, CNEL.",4,-58.37207554,-34.64543658,MOTO,CARGAS
2018-0019,1,2/17/2018,12:30:00,AVENIDA,LAS HERAS GENERAL AV. y CALLAO AV.,2,-58.39189441,-34.59176378,PEATON,PASAJEROS
2018-0020,1,2/19/2018,22:00:00,AUTOPISTA,"FERNANDEZ DE LA CRUZ F., GRAL. AV. y AUTOPISTA PRESIDENTE HECTOR J. CAMPORA",8,-58.45012957,-34.66518343,MOTO,CARGAS
2018-0021,1,2/22/2018,10:45:00,AVENIDA,"ALCORTA, AMANCIO AV. y ZAVALETA",4,-58.40184094,-34.64546845,PEATON,PASAJEROS
2018-0022,1,2/24/2018,00:00:00,AVENIDA,"MONTES DE OCA, MANUEL AV. y OLAVARRIA",4,-58.37441153,-34.63966783,MOTO,CARGAS
2018-0023,1,2/24/2018,06:00:00,CALLE,BARCO CENTENERA DEL y ROSARIO,6,-58.44110156,-34.62082399,MOTO,AUTO
2018-0024,1,2/28/2018,23:00:00,AVENIDA,ALVAREZ THOMAS AV. y DONADO,15,-58.47087351,-34.57827342,PEATON,CARGAS
2018-0025,1,3/4/2018,22:30:00,AVENIDA,AVELLANEDA AV. y BOYACA AV.,7,-58.45962210,-34.62245140,PEATON,AUTO
2018-0026,2,3/9/2018,04:45:00,AVENIDA,"RABANAL, FRANCISCO, INTENDENTE AV. y SAENZ AV.",4,-58.41657793,-34.65476216,MOVIL,CARGAS
2018-0027,1,3/11/2018,23:00:00,CALLE,CASTRO y RONDEAU,5,-58.41911301,-34.63722107,PEATON,MOTO
2018-0028,1,3/13/2018,15:45:00,AVENIDA,"BILBAO, FRANCISCO AV. y AZUL",9,-58.47120586,-34.64251042,PEATON,CARGAS
2018-0029,1,3/15/2018,18:00:00,AVENIDA,NAZCA AV. y GAONA AV.,11,-58.47418944,-34.62049672,MOTO,AUTO
2018-0030,1,3/20/2018,01:30:00,AVENIDA,PLAZA y ALVAREZ THOMAS AV.,15,-58.46720441,-34.57905579,MOTO,MOTO
2018-0031,1,3/28/2018,10:15:00,AVENIDA,"GAONA AV. y ARTIGAS, JOSE GERVASIO, GRAL.",11,-58.46909362,-34.61779710,MOTO,CARGAS
2018-0032,1,4/2/2018,13:00:00,AVENIDA,CABILDO AV. y AGUILAR,13,-58.44704343,-34.56888640,PEATON,PASAJEROS
2018-0033,1,4/7/2018,7:30:00,AVENIDA,CAMARONES y LOPE DE VEGA AV.,10,-58.50535541,-34.62902048,MOTO,CARGAS
2018-0034,1,4/11/2018,18:15:00,AVENIDA,SANTA FE AV. 2320,2,-58.40021675,-34.59522198,PEATON,PASAJEROS
2018-0035,1,4/12/2018,16:45:00,AVENIDA,RIVADAVIA AV. 6950,7,-58.46325991,-34.62919627,PEATON,PASAJEROS
2018-0036,1,4/13/2018,23:15:00,AVENIDA,SAN MARTIN AV. y ARGERICH,15,-58.49471482,-34.59694755,MOTO,AUTO
2018-0037,1,4/18/2018,18:45:00,AVENIDA,"CORDOBA AV. y URIBURU JOSE E., PRES.",2,-58.39872610,-34.59975962,PEATON,CARGAS
2018-0038,2,4/20/2018,17:10:00,AVENIDA,RIVADAVIA AV. 1571,1,-58.38872177,-34.60885045,PEATON,AUTO
2018-0039,1,4/21/2018,22:15:00,AUTOPISTA,AUTOPISTA LUGONES KM 4.7,14,.,.,PEATON,AUTO
2018-0040,1,4/27/2018,11:00:00,CALLE,"FREIRE, RAMON, CAP. GRAL. y OLAGUER Y FELIU, VIRREY",13,-58.45686132,-34.57305993,PEATON,CARGAS
2018-0041,1,4/27/2018,13:30:00,AVENIDA,"LA PLATA AV. y FERNANDEZ DE LA CRUZ, F., GRAL. AV.",4,-58.42281627,-34.64282424,PEATON,PASAJEROS
2018-0042,1,4/27/2018,18:43:00,CALLE,BRANDSEN y PERDRIEL,4,-58.38666024,-34.63953396,MOTO,CARGAS
2018-0043,1,4/28/2018,06:30:00,AVENIDA,"VILARDEBO, TEODORO y ALVAREZ JONTE AV.",11,-58.49122843,-34.61207587,MOTO,AUTO
2018-0044,1,4/28/2018,09:00:00,AVENIDA,ALBERTI e INDEPENDENCIA AV.,3,-58.40098306,-34.61866627,PEATON,AUTO
2018-0045,1,4/30/2018,07:00:00,AVENIDA,ALVAREZ THOMAS AV. 879,13,-58.45448963,-34.57916920,AUTO,CARGAS
2018-0046,1,5/2/2018,03:15:00,GRAL PAZ,"PAZ, GRAL. AV. y RIVADAVIA AV.",9,-58.52927982,-34.63931752,PEATON,AUTO
2018-0047,1,5/8/2018,19:00:00,AVENIDA,CORRIENTES AV. y DORREGO AV.,15,-58.44759966,-34.59170240,PEATON,PASAJEROS
2018-0048,1,5/9/2018,10:30:00,AVENIDA,RIVADAVIA AV. y PEDERNERA,7,-58.46411215,-34.62925068,PEATON,PASAJEROS
2018-0049,1,5/11/2018,19:15:00,CALLE,QUESADA 2300,13,-58.46213220,-34.55395823,PEATON,AUTO
2018-0050,1,5/14/2018,18:45:00,AVENIDA,CABILDO AV. y JURAMENTO AV.,13,-58.45669422,-34.56203610,PEATON,PASAJEROS
2018-0051,1,5/15/2018,21:15:00,CALLE,"CALIFORNIA y CARBONARI, FRANCISCO, CMTE.",4,-58.35977160,-34.64341878,PEATON,AUTO
2018-0052,1,5/18/2018,20:30:00,AVENIDA,"CARRIL, SALVADOR MARIA DEL AV. y NAZCA",15,-58.49820145,-34.59070093,PEATON,PASAJEROS
2018-0053,1,5/20/2018,02:30:00,CALLE,SAN LUIS y AGUERO,3,-58.41059280,-34.59939180,MOTO,AUTO
2018-0054,1,5/22/2018,11:15:00,CALLE,LUGONES 2430,12,-58.47969138,-34.57121563,PEATON,BICICLETA
2018-0055,1,5/29/2018,7:30:00,AVENIDA,INDEPENDENCIA AV. y JUJUY AV.,3,-58.40351561,-34.61883916,MOTO,AUTO
2018-0056,1,6/2/2018,13:00:00,AVENIDA,RIVADAVIA AV. 11050,9,-58.51973844,-34.63918987,PEATON,PASAJEROS
2018-0057,1,6/3/2018,3:30:00,CALLE,COMBATE DE LOS POZOS y HUMBERTO 1Â°,3,-58.39311376,-34.62163006,MOTO,PASAJEROS
2018-0058,1,6/3/2018,6:30:00,AVENIDA,CORDOBA AV. y THAMES,15,-58.43531242,-34.59082159,MOTO,AUTO
2018-0059,1,6/8/2018,6:20:00,AVENIDA,"GARAY, JUAN DE AV. y SANCHEZ DE LORIA",5,-58.41178165,-34.63035454,MOTO,OTRO
2018-0060,1,6/8/2018,12:50:00,AVENIDA,"LAVALLE y ALEM, LEANDRO N. AV.",1,-58.37048800,-34.60189492,PEATON,PASAJEROS
2018-0061,1,6/10/2018,11:15:00,CALLE,ESTADOS UNIDOS y PICHINCHA,3,-58.39883882,-34.61964833,MOTO,MOTO
2018-0062,1,6/14/2018,1:00:00,CALLE,ROSARIO y BARCO CENTENERA DEL,6,-58.44110156,-34.62082399,PEATON,CARGAS
2018-0063,1,6/16/2018,21:15:00,AVENIDA,"ALEM, LEANDRO N. AV. y VIAMONTE",1,-58.37093138,-34.59952725,PEATON,PASAJEROS
2018-0064,1,6/25/2018,1:15:00,AVENIDA,VARELA AV. y PRIMERA JUNTA,7,-58.45855262,-34.63953253,AUTO,CARGAS
2018-0065,1,6/26/2018,17:30:00,CALLE,"PELLEGRINI, CARLOS y JUNCAL",1,-58.38161909,-34.59283447,MOTO,CARGAS
2018-0066,1,6/28/2018,11:00:00,AVENIDA,"CORRIENTES AV. y LACROZE, FEDERICO AV.",15,-58.45511899,-34.58698157,PEATON,PASAJEROS
2018-0067,1,6/29/2018,16:15:00,AVENIDA,"MONTES DE OCA, MANUEL AV. y FINOCHIETTO ENRIQUE DR.",4,-58.37724226,-34.62973033,PASAJEROS,AUTO
2018-0068,1,7/1/2018,9:00:00,AVENIDA,"CARABOBO AV. y ALBERDI, JUAN BAUTISTA AV.",7,-58.45546217,-34.62930339,MOTO,AUTO
2018-0069,1,7/4/2018,21:45:00,AVENIDA,CORDOBA AV. 2215,2,-58.39897064,-34.59954925,BICICLETA,PASAJEROS
2018-0070,1,7/7/2018,15:45:00,CALLE,"ESTADOS UNIDOS y URQUIZA, GRAL.",3,-58.40917826,-34.62126274,MOTO,PASAJEROS
2018-0071,1,7/10/2018,17:50:00,AVENIDA,"MORENO y HUERGO, ING. AV.",1,-58.36726348,-34.61099738,MOTO,CARGAS
2018-0072,1,7/11/2018,13:15:00,AUTOPISTA,AUTOPISTA DELLEPIANE LUIS TTE. GRAL. y MONTIEL,8,-58.48267426,-34.68454456,MOTO,CARGAS
2018-0073,1,7/11/2018,15:45:00,AVENIDA,"IRIARTE, GRAL. AV. 3400",4,-58.39546165,-34.65168841,PEATON,CARGAS
2018-0074,1,7/14/2018,6:04:00,AVENIDA,"ALBERDI, JUAN BAUTISTA AV. 2968",7,-58.46941984,-34.63376545,AUTO,CARGAS
2018-0075,1,7/15/2018,7:30:00,AVENIDA,DEL LIBERTADOR AV. y ORTIZ DE OCAMPO,14,-58.40367321,-34.58129246,PEATON,AUTO
2018-0076,1,7/16/2018,9:30:00,CALLE,"CHAVEZ, JORGE y PAZ, GRAL. AV.",9,-58.52932872,-34.65014993,AUTO,CARGAS
2018-0077,1,7/16/2018,23:15:00,CALLE,"URQUIZA, GRAL. y ESTADOS UNIDOS",3,-58.40917826,-34.62126274,AUTO,CARGAS
2018-0078,1,7/21/2018,6:15:00,CALLE,PARAGUAY y SANCHEZ DE BUSTAMANTE,2,-58.41264127,-34.59473294,PEATON,AUTO
2018-0079,1,7/23/2018,7:15:00,GRAL PAZ,"DE LOS CORRALES AV. y PAZ, GRAL. AV.",9,-58.50877521,-34.66977709,PEATON,CARGAS
2018-0080,1,7/25/2018,22:22:00,AVENIDA,"ALBERDI, JUAN BAUTISTA AV. y CARHUE",9,-58.51232237,-34.65903530,PEATON,AUTO
2018-0081,1,7/29/2018,6:30:00,AVENIDA,CASTAÃ‘ARES AV. y RIVERA INDARTE AV.,7,-58.44744156,-34.64567171,PEATON,MULTIPLE
2018-0082,1,8/1/2018,15:53:00,AVENIDA,"LARRAZABAL y GARZON, EUGENIO, GRAL. AV.",9,-58.49441273,-34.65869968,MOTO,CARGAS
2018-0083,1,8/2/2018,5:20:00,GRAL PAZ,"PAZ, GRAL. AV. y FERNANDEZ DE LA CRUZ, F., GRAL. AV.",8,-58.47976785,-34.69153196,MOTO,CARGAS
2018-0084,1,8/3/2018,7:25:00,AVENIDA,"MOREAU DE JUSTO, ALICIA AV. y COCHABAMBA",1,-58.36523349,-34.62260331,PEATON,CARGAS
2018-0085,2,8/3/2018,18:16:00,AVENIDA,"ENTRE RIOS AV. y GARAY, JUAN DE AV.",3,-58.39118948,-34.62704273,MOTO,PASAJEROS
2018-0086,1,8/10/2018,21:44:00,AVENIDA,DIRECTORIO AV. y GUARDIA NACIONAL,9,-58.49019551,-34.65015854,PEATON,PASAJEROS
2018-0087,1,8/15/2018,19:20:00,AVENIDA,PAVON AV. y COLOMBRES,5,-58.41644362,-34.63023775,PEATON,PASAJEROS
2018-0088,1,8/17/2018,16:36:00,GRAL PAZ,"PAZ, GRAL. AV. y BALBIN, RICARDO, DR. AV.",12,-58.50073810,-34.54979510,MOTO,CARGAS
2018-0089,1,8/17/2018,17:56:00,AVENIDA,PICHINCHA AV. y BRASIL,4,-58.39626094,-34.63036565,PEATON,PASAJEROS
2018-0090,1,8/18/2018,10:34:00,AVENIDA,27 DE FEBRERO AV. y PERGAMINO,8,-58.43284809,-34.67051543,MOTO,AUTO
2018-0091,1,8/19/2018,18:47:00,AUTOPISTA,AUTOPISTA PERITO MORENO y BARRAGAN,9,-58.52280139,-34.63659934,AUTO,AUTO
2018-0092,1,8/20/2018,08:20:00,AVENIDA,CORDOBA AV. y GASCON,14,-58.42336930,-34.59774487,MOTO,AUTO
2018-0093,1,8/20/2018,08:41:00,CALLE,15 DE NOVIEMBRE DE 1889 1513,1,-58.38691681,-34.63105973,PEATON,PASAJEROS
2018-0094,1,8/23/2018,05:35:00,CALLE,"SALGUERO, JERONIMO y BERUTI",14,-58.41169020,-34.58579880,MOTO,PASAJEROS
2018-0095,1,8/26/2018,00:59:00,AVENIDA,"LACARRA AV. y DELLEPIANE, LUIS, TTE. GRAL.",9,-58.46739825,-34.65117757,AUTO,AUTO
2018-0096,1,8/31/2018,22:20:00,AUTOPISTA,"AUTOPISTA PRESIDENTE HÃ‰CTOR J. CÃMPORA y ROCA, CNEL. AV.",8,-58.44483258,-34.67152226,PEATON,AUTO
2018-0097,1,9/2/2018,10:50:00,AVENIDA,"VARELA AV. y RABANAL, FRANCISCO, INTENDENTE AV.",8,-58.43254025,-34.66128115,AUTO,OTRO
2018-0098,2,9/9/2018,05:00:00,GRAL PAZ,"PAZ, GRAL. AV. y BERON DE ASTRADA",8,-58.47199387,-34.69640164,AUTO,AUTO
2018-0099,1,9/12/2018,14:25:00,AVENIDA,RIVADAVIA AV. y PEDERNERA,7,-58.46411215,-34.62925068,PEATON,PASAJEROS
2018-0100,1,9/20/2018,10:30:00,AVENIDA,"RAWSON DE DELLEPIANE, ELVIRA AV. 150",1,-58.36217754,-34.62367156,MOTO,AUTO
2018-0101,1,9/21/2018,00:15:00,GRAL PAZ,"PAZ, GRAL. AV. y ZAPIOLA",12,-58.48098594,-34.54073130,AUTO,MULTIPLE
2018-0102,1,9/21/2018,00:30:00,CALLE,"FAMATINA y TABORDA, DIOGENES",4,-58.41083404,-34.64640709,MOTO,AUTO
2018-0103,1,9/27/2018,17:51:00,AVENIDA,"CASTAÃ‘ARES AV. y BONORINO, ESTEBAN, CNEL. AV.",7,-58.44609828,-34.64446729,PEATON,MOTO
2018-0104,1,10/1/2018,8:58:00,AUTOPISTA,AUTOPISTA 1 SUR PRESIDENTE ARTURO FRONDIZI y SUAREZ AV.,4,-58.37709334,-34.64035082,MOTO,MOTO
2018-0105,1,10/3/2018,18:12:00,AVENIDA,NAZCA AV. y RIVADAVIA AV.,7,-58.46963952,-34.63070603,PEATON,PASAJEROS
2018-0106,1,10/4/2018,22:02:00,AVENIDA,"FIGUEROA ALCORTA, PRES. AV. y ECHEVERRIA",13,-58.43674281,-34.55161027,MOTO,MOTO
2018-0107,1,10/6/2018,14:20:00,AVENIDA,RIVADAVIA AV. y JUJUY AV.,3,-58.40596860,-34.61011987,PEATON,PASAJEROS
2018-0108,1,10/9/2018,14:00:00,AVENIDA,"DE LOS ITALIANOS AV. y GUEMES, MACACHA",1,-58.36154069,-34.60463618,MOTO,AUTO
2018-0109,1,10/10/2018,22:12:00,AVENIDA,"TUCUMAN y ALEM, LEANDRO N. AV.",1,-58.37062179,-34.60066507,PEATON,PASAJEROS
2018-0110,1,10/13/2018,03:05:00,AVENIDA,"CORRIENTES AV. y GALLARDO, ANGEL AV.",15,-58.43220014,-34.60207186,PEATON,MOTO
2018-0111,1,10/19/2018,12:13:00,AUTOPISTA,"AUTOPISTA PERITO MORENO & PERON, EVA  AV.",9,-58.46958442,-34.64949724,MOTO,CARGAS
2018-0112,1,10/24/2018,09:18:00,CALLE,MUÃ‘ECAS y SERRANO,15,-58.44671397,-34.59970903,MOTO,CARGAS
2018-0113,1,10/25/2018,11:00:00,CALLE,"ARTIGAS, JOSE GERVASIO, GRAL. y TRES ARROYOS",11,-58.47152163,-34.61474911,MOTO,CARGAS
2018-0114,1,10/30/2018,02:15:00,AVENIDA,SOLIS e INDEPENDENCIA AV.,1,-58.39032921,-34.61807951,MOTO,AUTO
2018-0115,1,10/31/2018,12:30:00,CALLE,"BOSCH, VENTURA y PAZ, GRAL. AV.",9,-58.52887773,-34.64297861,PEATON,PASAJEROS
2018-0116,1,11/1/2018,10:50:00,GRAL PAZ,"PAZ, GRAL. AV. 14800",8,-58.49371157,-34.67981324,PEATON,CARGAS
2018-0117,1,11/4/2018,8:15:00,AVENIDA,"PERON, EVA AV. 5321",9,-58.48266599,-34.66012327,MOTO,MOTO
2018-0118,1,11/5/2018,14:49:00,AVENIDA,"PERON, JUAN DOMINGO, TTE. GENERAL y PUEYRREDON AV.",3,-58.40612253,-34.60774301,PEATON,MOTO
2018-0119,1,11/5/2018,22:35:00,AVENIDA,"RABANAL, FRANCISCO, INTENDENTE AV. y SAN PEDRITO",8,-58.43613623,-34.66292532,PEATON,AUTO
2018-0120,1,11/9/2018,13:34:00,AVENIDA,MONROE y ALVAREZ THOMAS AV.,12,-58.48250732,-34.57208238,PEATON,AUTO
2018-0121,1,11/9/2018,16:32:00,AVENIDA,RIVADAVIA AV. y MANZONI,10,-58.49945705,-34.63743280,PEATON,PASAJEROS
2018-0122,1,11/12/2018,01:00:00,AUTOPISTA,AUTOPISTA DELLEPIANE LUIS TTE. GRAL. y LARRAZABAL,8,-58.47743966,-34.67233407,AUTO,AUTO
2018-0123,1,11/12/2018,03:32:00,GRAL PAZ,"PAZ, GRAL. AV. y PERON, EVA AV.",9,-58.50251790,-34.67450313,AUTO,AUTO
2018-0124,1,11/15/2018,19:40:00,AUTOPISTA,AUTOPISTA PERITO MORENO y RESERVISTAS ARGENTINOS,9,-58.52144411,-34.63682499,CARGAS,CARGAS
2018-0125,1,11/16/2018,21:12:00,AVENIDA,SAENZ AV. y VENTANA,4,-58.41650465,-34.65084045,PEATON,PASAJEROS
2018-0126,1,11/18/2018,12:11:00,GRAL PAZ,"PAZ, GRAL. AV. y FALCON, RAMON L.,CNEL.",9,-58.52994219,-34.64055918,MOTO,AUTO
2018-0127,1,11/19/2018,09:14:00,GRAL PAZ,"PAZ, GRAL. AV. y DE LOS CONSTITUYENTES AV.",12,-58.50993046,-34.56919739,MOTO,MOTO
2018-0128,2,11/25/2018,04:30:00,GRAL PAZ,"PAZ, GRAL. AV. 11200",9,-58.52844623,-34.64592873,AUTO,PASAJEROS
2018-0129,1,11/28/2018,04:01:00,AVENIDA,"NEWBERY, JORGE AV. y GUEVARA",15,-58.45021367,-34.58695347,MOTO,PASAJEROS
2018-0130,1,12/3/2018,03:00:00,AVENIDA,GAONA AV. y SEGUROLA AV.,10,-58.49022072,-34.62770192,MOTO,PASAJEROS
2018-0131,1,12/7/2018,19:10:00,AVENIDA,"MADERO, EDUARDO AV. 550",1,-58.36860866,-34.60106568,MOTO,CARGAS
2018-0132,1,12/12/2018,08:26:00,AUTOPISTA,"AUTOPISTA ARTURO ILLIA y CASTILLO, RAMON S., PRES. AV.",2,-58.39490504,-34.57241534,PEATON,CARGAS
2018-0133,1,12/12/2018,14:07:00,AVENIDA,NAZCA AV. y RIVADAVIA AV.,7,-58.46963952,-34.63070603,PEATON,CARGAS
2018-0134,1,12/12/2018,21:00:00,AVENIDA,LA PLATA AV. y CASEROS AV.,7,-58.42349365,-34.64019887,PEATON,MOTO
2018-0135,1,12/18/2018,14:40:00,AVENIDA,BELGRANO AV. y PERU,1,-58.37471802,-34.61265002,PEATON,PASAJEROS
2018-0136,1,12/18/2018,15:42:00,AVENIDA,RIVADAVIA AV. 7013,7,-58.46438789,-34.62913916,PEATON,PASAJEROS
2018-0137,1,12/18/2018,20:15:00,CALLE,"ALSINA, ADOLFO y SANTIAGO DEL ESTERO",1,-58.38481975,-34.61100424,MOTO,PASAJEROS
2018-0138,1,12/21/2018,09:30:00,CALLE,BERMUDEZ 1893,10,-58.50751833,-34.62073702,PASAJEROS,PASAJEROS
2018-0139,1,12/22/2018,06:30:00,CALLE,SANTANDER 1974,7,-58.44682986,-34.63888084,MOTO,MOTO
2018-0140,1,12/22/2018,8:05:00,CALLE,LANTERI JULIETA 1400,1,-58.36004650,-34.61381341,AUTO,AUTO
2018-0141,1,12/22/2018,17:40:00,AVENIDA,MAZA e INDEPENDENCIA AV.,5,-58.41509546,-34.62085945,PEATON,MOTO
2018-0142,1,12/25/2018,13:30:00,GRAL PAZ,"PAZ, GRAL. AV. 5172",12,-58.50997604,-34.57251072,CARGAS,PASAJEROS
2018-0143,1,12/29/2018,05:25:00,AVENIDA,"OLIVERA AV. y ALBERDI, JUAN BAUTISTA AV.",10,-58.48606475,-34.64047818,MOTO,AUTO
2019-0001,1,1/8/2019,8:30:00,AVENIDA,"CASTILLO, RAMON S., PRES. AV. y CALLE 12 (NO OFICIAL)",2,-58.38526125,-34.57805810,MOTO,CARGAS
2019-0002,1,1/9/2019,4:00:00,AVENIDA,"CASTAÃ‘ARES AV. y MORENO, PERITO AV.",7,-58.45463662,-34.65082149,AUTO,CARGAS
2019-0003,1,1/12/2019,8:00:00,AVENIDA,SAN MARTIN AV. y TERRADA,15,-58.49121672,-34.59718073,MOTO,AUTO
2019-0004,1,1/14/2019,19:58:00,AVENIDA,"PERON, EVA AV. y MEDINA",9,-58.47325712,-34.65284605,AUTO,PASAJEROS
2019-0005,1,1/19/2019,12:00:00,AVENIDA,"JUSTO, JUAN B. AV. y ALVAREZ JONTE AV.",10,-58.52108101,-34.63382309,MOTO,CARGAS
2019-0006,1,1/23/2019,5:45:00,AVENIDA,"OBLIGADO RAFAEL, AV.COSTANERA 4650",14,-58.41652702,-34.55509606,PEATON,AUTO
2019-0007,1,1/26/2019,19:34:00,CALLE,"MITRE, BARTOLOME y YATAY",5,-58.42891604,-34.61071660,MOTO,AUTO
2019-0008,1,1/30/2019,22:45:00,GRAL PAZ,"PAZ, GRAL. AV. 16080",8,-58.47802293,-34.69156793,MOTO,MULTIPLE
2019-0009,1,1/31/2019,14:55:00,AVENIDA,CHACABUCO y SAN JUAN AV.,1,-58.37564821,-34.62200207,MOTO,AUTO
2019-0010,2,2/2/2019,7:50:00,AVENIDA,DEL LIBERTADOR AV. 4100,14,-58.42668489,-34.56961468,PEATON,AUTO
2019-0011,1,2/10/2019,1:00:00,GRAL PAZ,"PAZ, GRAL. AV. y ALBERDI, JUAN BAUTISTA AV.",9,-58.51839930,-34.66252488,PEATON,AUTO
2019-0012,1,2/17/2019,3:16:00,AVENIDA,"CASTAÃ‘ARES AV. y GORDILLO, TIMOTEO",8,-58.48432691,-34.67665828,MOTO,AUTO
2019-0013,1,2/20/2019,7:30:00,CALLE,SALVIGNY y MOM,7,-58.43383830,-34.64457699,PEATON,AUTO
2019-0014,1,2/20/2019,17:30:00,CALLE,"LAMARCA, EMILIO 5402",11,-58.51664939,-34.58657938,MOTO,OBJETO FIJO
2019-0015,1,2/23/2019,6:57:00,AVENIDA,SAN MARTIN AV. 5638,11,-58.49613012,-34.59703502,AUTO,OBJETO FIJO
2019-0016,1,2/24/2019,2:00:00,CALLE,"CARRILLO, RAMON, DR. y FINOCHIETTO ENRIQUE DR.",4,-58.38313603,-34.63356284,MOTO,PASAJEROS
2019-0017,1,3/3/2019,7:00:00,CALLE,MEXICO y PICHINCHA,3,-58.39914719,-34.61632317,AUTO,PASAJEROS
2019-0018,1,3/3/2019,23:30:00,AUTOPISTA,"CANTILO, INT. y UDAONDO, GUILLERMO AV.",13,-58.44927253,-34.54048625,PEATON,AUTO
2019-0019,1,3/6/2019,12:00:00,AVENIDA,DEL LIBERTADOR AV. 6326,13,-58.45049163,-34.55374003,MOTO,AUTO
2019-0020,1,3/7/2019,21:01:00,AVENIDA,CHICLANA AV. 3444,5,-58.41288952,-34.63572989,MOTO,AUTO
2019-0021,1,3/15/2019,22:50:00,AVENIDA,BOYACA AV. y YERBAL,7,-58.45743597,-34.62561234,MOTO,AUTO
2019-0022,1,3/15/2019,0:00:00,AVENIDA,ENTRE RIOS AV. 1260,1,-58.39123782,-34.62352245,AUTO,AUTO
2019-0023,1,3/16/2019,8:28:00,GRAL PAZ,"PAZ, GRAL. AV. y JACQUES, AMADEO",9,-58.52922765,-34.63637963,AUTO,OBJETO FIJO
2019-0024,1,3/19/2019,7:12:00,AVENIDA,ANTARTIDA ARGENTINA AV. 1325,1,-58.37208118,-34.58541957,MOTO,CARGAS
2019-0025,1,3/22/2019,13:10:00,CALLE,"MITRE, BARTOLOME y SANCHEZ DE BUSTAMANTE",5,-58.41458534,-34.60937557,PEATON,AUTO
2019-0026,1,3/28/2019,7:32:00,AVENIDA,"FERNANDEZ DE LA CRUZ, F., GRAL. AV. y PAZ, GRAL. AV.",8,-58.47976785,-34.69153196,PEATON,PASAJEROS
2019-0027,1,3/28/2019,11:11:00,AVENIDA,SANTA FE AV. y AZCUENAGA,2,-58.39990285,-34.59511714,BICICLETA,MULTIPLE
2019-0028,1,4/6/2019,9:15:00,AVENIDA,"JUSTO, JUAN B. AV. y OROÃ‘O, NICASIO",11,-58.46051346,-34.60588536,PEATON,PASAJEROS
2019-0029,1,4/7/2019,10:15:00,AVENIDA,"FERNANDEZ DE LA CRUZ, F., GRAL. AV. y PAZ, GRAL. AV.",8,-58.47976785,-34.69153196,MOTO,OBJETO FIJO
2019-0030,1,4/9/2019,16:00:00,CALLE,"ALVAREZ, DONATO, TTE. GRAL. y YERBAL",7,-58.45457546,-34.62447891,MOTO,CARGAS
2019-0031,1,4/12/2019,19:55:00,AVENIDA,"CORDOBA AV. y MADERO, EDUARDO AV.",1,-58.36951669,-34.59832047,BICICLETA,CARGAS
2019-0032,1,4/16/2019,11:00:00,AVENIDA,"CAMARONES y ALVAREZ, DONATO, TTE. GRAL. AV.",11,-58.46415322,-34.60443790,PEATON,AUTO
2019-0033,1,4/18/2019,1:00:00,AUTOPISTA,"AUTOPISTA 25 DE MAYO y HUERGO, ING. AV.",1,-58.36607137,-34.62150748,MOTO,AUTO
2019-0034,1,4/21/2019,9:08:00,AVENIDA,"MORENO, PERITO AV. 3050",7,-58.45537373,-34.65093074,MOTO,OBJETO FIJO
2019-0035,1,4/23/2019,14:10:00,CALLE,SUIPACHA 665,1,-58.37942637,-34.60053054,PEATON,BICICLETA
2019-0036,1,4/26/2019,22:46:00,CALLE,RIGLOS y FORMOSA,6,-58.43680440,-34.62147504,MOTO,AUTO
2019-0037,1,5/1/2019,23:10:00,AVENIDA,LA RIOJA e INDEPENDENCIA AV.,3,-58.40778291,-34.61971907,MOTO,AUTO
2019-0038,1,5/4/2019,14:10:00,AVENIDA,"UDAONDO, GUILLERMO AV. y FIGUEROA ALCORTA, PRES. AV.",13,-58.45212523,-34.54628513,PEATON,MOTO
2019-0039,1,5/9/2019,3:05:00,AVENIDA,SAN PEDRITO AV. y DIRECTORIO AV.,7,-58.46749188,-34.63551751,MOTO,AUTO
2019-0040,1,5/9/2019,12:45:00,CALLE,PUAN y SANTANDER,7,-58.44263580,-34.63679732,MOTO,AUTO
2019-0041,1,5/11/2019,20:30:00,AVENIDA,"ALBERDI, JUAN BAUTISTA AV. y ANDALGALA",9,-58.51140289,-34.65846419,AUTO,MULTIPLE
2019-0042,1,5/14/2019,15:00:00,CALLE,LIMA y CONSTITUCION,1,-58.38211431,-34.62465368,PEATON,PASAJEROS
2019-0043,1,5/21/2019,9:00:00,AVENIDA,"CORDOBA AV. y MADERO, EDUARDO AV.",1,-58.36951669,-34.59832047,BICICLETA,CARGAS
2019-0044,1,5/27/2019,12:45:00,AVENIDA,BOEDO AV. 650,5,-58.41635217,-34.62036547,PEATON,MOTO
2019-0045,1,6/3/2019,7:27:00,AVENIDA,DEL LIBERTADOR AV. y REPUBLICA DE LA INDIA,14,-58.41316147,-34.57579669,MOTO,CARGAS
2019-0046,1,6/4/2019,9:00:00,GRAL PAZ,"PAZ, GRAL. AV. y CABILDO AV.",13,-58.47617802,-34.53825652,MOTO,AUTO
2019-0047,1,6/6/2019,10:00:00,AVENIDA,CASEROS AV. 1700,4,-58.38641783,-34.63330028,PEATON,CARGAS
2019-0048,1,6/7/2019,7:00:00,AVENIDA,AVELLANEDA AV. 1548,6,-58.45322169,-34.62038137,MOTO,CARGAS
2019-0049,1,6/8/2019,9:20:00,CALLE,CIUDAD DE LA PAZ y MENDOZA,13,-58.45849057,-34.56166498,PEATON,CARGAS
2019-0050,1,6/8/2019,23:35:00,AVENIDA,"SALGUERO, JERONIMO y HONDURAS AV.",14,-58.41829559,-34.59411677,MOTO,CARGAS
2019-0051,1,6/11/2019,10:00:00,CALLE,"FILIBERTO, JUAN DE DIOS y OLAVARRIA",4,-58.36376488,-34.63832093,MOTO,AUTO
2019-0053,1,6/14/2019,17:20:00,AVENIDA,ASTURIAS AV. y CASTAÃ‘ARES AV.,8,-58.46442668,-34.66004784,AUTO,AUTO
2019-0054,1,6/20/2019,3:00:00,CALLE,GANDARA 2976,15,-58.48222035,-34.58428769,MOTO,OBJETO FIJO
2019-0055,1,6/20/2019,19:45:00,AVENIDA,"GUEVARA, TRINIDAD y MADERO, EDUARDO AV.",1,-58.36819005,-34.60283208,MOTO,PASAJEROS
2019-0056,1,6/29/2019,17:16:00,AVENIDA,BOYACA AV. 305,7,-58.45877601,-34.62330939,PEATON,AUTO
2019-0057,1,7/5/2019,19:00:00,CALLE,ARTILLEROS y LA PAMPA,13,-58.44196498,-34.55760517,PEATON,AUTO
2019-0058,1,7/10/2019,9:20:00,AUTOPISTA,AUTOPISTA PERITO MORENO e IRIGOYEN,10,-58.50622631,-34.63627822,MOTO,PASAJEROS
2019-0059,1,7/13/2019,22:35:00,CALLE,15 DE NOVIEMBRE DE 1889 y SANTIAGO DEL ESTERO,1,-58.38410880,-34.63099197,MOTO,PASAJEROS
2019-0060,1,7/17/2019,11:20:00,AVENIDA,"ACOSTA, MARIANO AV. y FALCON, RAMON L.,CNEL.",10,-58.48100602,-34.63504312,PEATON,AUTO
2019-0061,1,7/17/2019,18:40:00,CALLE,11 DE SEPTIEMBRE DE 1888 y MENDOZA,13,-58.45200171,-34.55781320,PEATON,PASAJEROS
2019-0062,1,8/1/2019,23:00:00,AVENIDA,"PINO, VIRREY DEL y CAMPOS, LUIS M. AV.",13,-58.44462132,-34.56201105,PEATON,PASAJEROS
2019-0063,1,8/4/2019,1:30:00,AVENIDA,FOREST AV. y MAURE,15,-58.45220688,-34.58711712,MOTO,PASAJEROS
2019-0064,1,8/6/2019,3:15:00,AVENIDA,BOYACA AV. y AVELLANEDA AV.,7,-58.45962210,-34.62245140,MOTO,AUTO
2019-0065,1,8/8/2019,16:45:00,CALLE,BARCO CENTENERA DEL y TILCARA,4,-58.41970850,-34.65414867,PEATON,PASAJEROS
2019-0066,1,8/11/2019,21:15:00,AVENIDA,RIESTRA AV. y BOLIVAR (NO OFICIAL),7,-58.44187596,-34.64938031,PEATON,AUTO
2019-0067,1,8/14/2019,15:00:00,CALLE,"CASTRO, EMILIO 4706",10,-58.49101637,-34.64276621,MOTO,CARGAS
2019-0068,1,8/14/2019,17:40:00,AVENIDA,27 DE FEBRERO AV. 5600,8,-58.42493829,-34.66256502,MOTO,MOTO
2019-0069,1,8/17/2019,5:25:00,AVENIDA,"GARAY, JUAN DE AV. 2874",4,-58.40489318,-34.62930162,MOTO,AUTO
2019-0070,1,8/22/2019,12:30:00,AVENIDA,"SCALABRINI ORTIZ, RAUL AV. y GORRITI",14,-58.42686680,-34.59217875,MOTO,BICICLETA
2019-0071,1,8/27/2019,11:30:00,AVENIDA,PRIMERA JUNTA y OLIVERA AV.,9,-58.47961100,-34.65620398,PEATON,CARGAS
2019-0072,1,8/28/2019,6:20:00,AVENIDA,"ALBERDI, JUAN BAUTISTA AV. y AZUL",10,-58.47439934,-34.63524207,AUTO,AUTO
2019-0073,1,8/29/2019,1:50:00,AVENIDA,ALVAREZ THOMAS AV. 1788,15,-58.46711912,-34.57926018,AUTO,OBJETO FIJO
2019-0074,1,8/29/2019,9:00:00,AUTOPISTA,"LUGONES, LEOPOLDO AV. y PAZ, GRAL. AV.",13,-58.46514781,-34.53465378,MOTO,CARGAS
2019-0075,1,8/30/2019,23:20:00,CALLE,SAN ANTONIO y LUJAN,4,-58.37571078,-34.65584079,MOTO,PASAJEROS
2019-0076,1,9/5/2019,18:00:00,AUTOPISTA,AUTOPISTA 1 SUR PRESIDENTE ARTURO FRONDIZI y DON PEDRO DE MENDOZA AV.,4,-58.37157668,-34.65429986,MOTO,CARGAS
2019-0077,1,9/8/2019,3:40:00,AVENIDA,"FIGUEROA ALCORTA, PRES. AV. y TAGLE",14,-58.39811256,-34.58070186,PEATON,AUTO
2019-0078,1,9/12/2019,8:25:00,AVENIDA,"EINSTEIN, ALBERTO y ALCORTA, AMANCIO AV.",4,-58.41125934,-34.65417740,PEATON,CARGAS
2019-0079,1,9/17/2019,5:30:00,CALLE,AGRELO y COLOMBRES,5,-58.41822901,-34.61866836,MOTO,PASAJEROS
2019-0080,1,9/17/2019,18:40:00,GRAL PAZ,"CABILDO AV. y PAZ, GRAL. AV.",13,-58.47617802,-34.53825652,PEATON,MOTO
2019-0081,1,9/23/2019,16:00:00,AVENIDA,ELCANO AV. 4300,15,-58.46141281,-34.58623761,PEATON,PASAJEROS
2019-0082,1,9/25/2019,7:45:00,AVENIDA,"RABANAL, FRANCISCO, INTENDENTE AV. 2428",8,-58.42985146,-34.66119740,BICICLETA,CARGAS
2019-0083,1,9/26/2019,8:00:00,CALLE,MONTE y CORVALAN,9,-58.48457413,-34.65839090,AUTO,AUTO
2019-0084,1,9/27/2019,11:45:00,CALLE,TANDIL y LAFUENTE,7,-58.46572884,-34.63628186,BICICLETA,CARGAS
2019-0085,1,10/9/2019,22:18:00,CALLE,CARDOSO y BACACAY,10,-58.49261744,-34.63419130,BICICLETA,TREN
2019-0086,1,10/15/2019,14:10:00,AVENIDA,CORRIENTES AV. 6700,15,-58.45283186,-34.58841560,MOTO,PASAJEROS
2019-0087,1,10/21/2019,21:00:00,AVENIDA,ALVAREZ THOMAS AV. y MENDOZA,12,-58.47973681,-34.57418656,MOTO,MOTO
2019-0088,1,10/22/2019,20:00:00,AVENIDA,"ALCORTA, AMANCIO AV. y BONAVENA, OSCAR NATALIO",4,-58.40623949,-34.65076549,PEATON,PASAJEROS
2019-0089,1,10/23/2019,15:45:00,AVENIDA,"BROWN, ALTE. AV. y BLANES, JUAN MANUEL",4,-58.36244648,-34.63107887,PEATON,CARGAS
2019-0090,1,10/24/2019,18:26:00,AVENIDA,"ALBERDI, JUAN BAUTISTA AV. 5455",9,-58.49962423,-34.64868027,PEATON,MOTO
2019-0091,1,11/1/2019,20:50:00,AVENIDA,"JUSTO, JUAN B. AV. y CAMARGO",15,-58.44551437,-34.59559816,PEATON,PASAJEROS
2019-0092,1,11/3/2019,10:30:00,CALLE,"BRIN, MINISTRO y SUAREZ",4,-58.35608181,-34.63420319,PEATON,PASAJEROS
2019-0093,1,11/13/2019,11:50:00,AVENIDA,"NIZA y JUSTO, JUAN B. AV.",11,-58.46483679,-34.60907662,BICICLETA,OTRO
2019-0094,1,11/18/2019,14:00:00,CALLE,CAMARGO y SERRANO,15,-58.44368628,-34.59724326,MOTO,OTRO
2019-0095,1,11/20/2019,15:30:00,AUTOPISTA,AUTOPISTA 1 SUR PRESIDENTE ARTURO FRONDIZI y CASEROS AV.,1,-58.37864583,-34.62907067,MOTO,CARGAS
2019-0096,1,11/22/2019,19:33:00,AVENIDA,CASEROS AV. y PIEDRAS,1,-58.37560352,-34.62726382,PEATON,PASAJEROS
2019-0097,1,11/25/2019,8:50:00,AUTOPISTA,AUTOPISTA PERITO MORENO KM. 5.6,9,-58.47721439,-34.64815069,MOTO,MULTIPLE
2019-0098,1,11/25/2019,14:00:00,AVENIDA,GUZMAN 365,15,-58.45134029,-34.58984288,PASAJEROS,PASAJEROS
2019-0100,1,12/5/2019,17:30:00,AVENIDA,DE LOS CONSTITUYENTES AV. 4300,12,-58.49040794,-34.58368803,MOTO,AUTO
2019-0101,1,12/17/2019,4:20:00,AVENIDA,"MORENO, PERITO AV. y TILCARA AV.",4,-58.42102679,-34.64991178,MOTO,MOTO
2019-0102,1,12/17/2019,14:30:00,CALLE,"IBARROLA y GORDILLO, TIMOTEO",9,-58.52219407,-34.64143926,MOTO,AUTO
2019-0103,1,12/18/2019,21:00:00,GRAL PAZ,"PAZ, GRAL. AV. y GRIVEO",11,-58.52169422,-34.59471640,MOTO,MOTO
2019-0104,1,12/21/2019,4:25:00,AVENIDA,RIVADAVIA AV. y PERGAMINO,10,-58.47460416,-34.63206174,MOTO,AUTO
2019-0105,1,5/5/2019,11:00:00,AVENIDA,SANTO TOME y SEGUROLA AV.,10,-58.50512382,-34.61520391,PEATON,AUTO
2020-0001,1,1/4/2020,10:40:00,CALLE,URIARTE y LOYOLA,15,-58.43910409,-34.59213355,PEATON,AUTO
2020-0002,1,1/5/2020,20:00:00,AVENIDA,SARAZA y VARELA AV.,7,-58.45019436,-34.64646409,MOTO,OBJETO FIJO
2020-0003,1,1/11/2020,6:00:00,AVENIDA,RIVADAVIA AV. y COMBATE DE LOS POZOS,3,-58.39337644,-34.60927582,PEATON,AUTO
2020-0004,1,1/14/2020,21:40:00,AVENIDA,RODRIGUEZ PEÃ‘A y RIVADAVIA AV.,1,-58.39055614,-34.60919284,PEATON,PASAJEROS
2020-0005,1,1/14/2020,6:00:00,AVENIDA,24 DE NOVIEMBRE y SAN JUAN AV.,3,-58.41036975,-34.62477021,MOTO,PASAJEROS
2020-0006,1,1/20/2020,12:55:00,AVENIDA,LAFUENTE AV. 2250,8,-58.44925765,-34.65412546,MOTO,CARGAS
2020-0007,1,1/27/2020,0:37:00,CALLE,CHILE y LIMA,1,-58.38156850,-34.61648696,PEATON,MOTO
2020-0008,1,1/30/2020,7:10:00,AVENIDA,"CORDOBA AV. y JAURES, JEAN",2,-58.40662899,-34.59804521,MOTO,CARGAS
2020-0009,1,2/4/2020,14:50:00,CALLE,"PERON, JUAN DOMINGO, TTE. GENERAL y SALGUERO, JERONIMO",5,-58.41985649,-34.60600850,PEATON,AUTO
2020-0010,1,2/8/2020,5:45:00,AVENIDA,9 DE JULIO AV. y SAN JUAN AV.,1,-58.38099833,-34.62214953,MOTO,OBJETO FIJO
2020-0011,1,2/12/2020,11:29:00,CALLE,COLOMBRES 466,5,-58.41803309,-34.61823178,MOTO,CARGAS
2020-0012,1,2/18/2020,21:00:00,CALLE,MEXICO 2860,3,-58.40604003,-34.61783553,PEATON,MOTO
2020-0013,1,2/20/2020,12:00:00,AVENIDA,COMBATIENTES DE MALVINAS AV. y TRIUNVIRATO AV.,15,-58.47549929,-34.57994061,PEATON,MOTO
2020-0014,1,2/27/2020,2:14:00,CALLE,BERMUDEZ y NOGOYA,11,-58.51398484,-34.61600366,MOTO,PASAJEROS
2020-0015,1,2/28/2020,14:30:00,AVENIDA,BRASIL AV. y PASEO COLON AV.,1,-58.36797542,-34.62519403,MOTO,PASAJEROS
2020-0016,1,2/29/2020,13:00:00,AVENIDA,"ALEM, LEANDRO N. AV. 770",1,-58.37133616,-34.59879316,PEATON,PASAJEROS
2020-0017,1,3/5/2020,23:00:00,AVENIDA,BELGRANO AV. y RINCON,3,-58.39613805,-34.61413568,PEATON,AUTO
2020-0018,1,3/9/2020,14:00:00,AVENIDA,"UDAONDO, GUILLERMO AV. 901",13,-58.44903073,-34.54200276,MOTO,OBJETO FIJO
2020-0019,1,3/10/2020,21:00:00,CALLE,CONSTITUCION y CASTRO,5,-58.41972364,-34.62846670,PEATON,AUTO
2020-0020,1,3/13/2020,17:30:00,AVENIDA,"PUEYRREDON AV. y GOMEZ, VALENTIN",3,-58.40571596,-34.60557123,PEATON,MOTO
2020-0021,1,3/14/2020,16:50:00,CALLE,"BRAVO, MARIO 1279",2,-58.41451590,-34.59488319,PEATON,AUTO
2020-0022,1,4/7/2020,6:15:00,AUTOPISTA,AUTOPISTA DELLEPIANE LUIS TTE. GRAL. y ESCALADA AV.,9,-58.47297505,-34.66245085,AUTO,CARGAS
2020-0023,1,4/9/2020,18:42:00,AVENIDA,"ARAOZ DE LAMADRID, GREGORIO, GRAL. y BROWN, ALTE. AV.",4,-58.35791192,-34.63695178,AUTO,CARGAS
2020-0024,1,4/24/2020,7:58:00,CALLE,MURGUIONDO 1339,9,-58.50801713,-34.65177305,AUTO,AUTO
2020-0025,1,5/12/2020,5:35:00,AVENIDA,RIVADAVIA AV. 2551,3,-58.40258477,-34.60975108,PEATON,AUTO
2020-0026,1,5/17/2020,6:40:00,AUTOPISTA,"LUGONES, LEOPOLDO AV. KM 6,1",14,.,.,MOTO,OBJETO FIJO
2020-0027,1,5/18/2020,8:00:00,AVENIDA,"DELLEPIANE, LUIS, TTE. GRAL. y MONTIEL",8,-58.48267426,-34.68454456,PEATON,CARGAS
2020-0028,1,5/19/2020,10:00:00,AVENIDA,"SCALABRINI ORTIZ, RAUL AV. y WARNES AV.",15,-58.44248936,-34.60221948,PEATON,PASAJEROS
2020-0029,1,6/10/2020,14:00:00,GRAL PAZ,"PAZ, GRAL. AV. y ROFFO, ANGEL H., DR.",9,-58.52909134,-34.63886726,PEATON,PASAJEROS
2020-0030,1,6/16/2020,15:00:00,AVENIDA,SAN MARTIN AV. 1550,6,-58.45158942,-34.60646580,MOTO,MULTIPLE
2020-0031,1,6/30/2020,8:00:00,AVENIDA,"GARZON, EUGENIO, GRAL. AV. y LARRAYA",9,-58.49344309,-34.65788529,MOTO,CARGAS
2020-0032,1,7/10/2020,23:00:00,AVENIDA,CORRIENTES AV. y SERRANO,15,-58.44259166,-34.59635137,MOTO,AUTO
2020-0033,1,7/19/2020,6:25:00,GRAL PAZ,"PAZ, GRAL. AV. y DEL LIBERTADOR AV.",13,-58.46743471,-34.53476874,AUTO,OBJETO FIJO
2020-0034,1,8/2/2020,3:20:00,CALLE,"MITRE, BARTOLOME y ANCHORENA, TOMAS MANUEL DE, DR.",3,-58.41178158,-34.60922259,PEATON,AUTO
2020-0035,1,8/4/2020,5:30:00,AUTOPISTA,AUTOPISTA 25 DE MAYO y PUMACAHUA,7,-58.45068621,-34.63638927,MOTO,PASAJEROS
2020-0036,1,8/7/2020,18:40:00,AVENIDA,"SCALABRINI ORTIZ, RAUL AV. y PARAGUAY",14,-58.42016954,-34.58778790,PEATON,MOTO
2020-0037,1,8/29/2020,4:30:00,AVENIDA,"FERNANDEZ DE LA CRUZ, F., GRAL. AV. y VARELA AV.",8,-58.43850413,-34.65554754,PEATON,AUTO
2020-0038,2,8/30/2020,4:00:00,AVENIDA,"LAS HERAS GENERAL AV. y DIAZ, CNEL. AV.",14,-58.40617526,-34.58345898,AUTO,AUTO
2020-0039,1,9/1/2020,19:17:42,CALLE,MURGUIONDO,9,.,.,PEATON,CARGAS
2020-0040,1,9/12/2020,3:30:00,AVENIDA,"CASTILLO, RAMON S., PRES. AV. y CALLE 12 (NO OFICIAL)",2,-58.38526125,-34.57805810,AUTO,OBJETO FIJO
2020-0041,1,9/28/2020,1:45:00,AVENIDA,"CURAPALIGUE y PERON, EVA AV.",7,-58.44750470,-34.63491705,MOTO,PASAJEROS
2020-0042,1,9/29/2020,17:10:00,AVENIDA,"DIAZ, ANA y SOLDADO DE LA FRONTERA AV.",8,-58.46745752,-34.68192648,PEATON,PASAJEROS
2020-0043,1,9/30/2020,17:20:00,AVENIDA,"ALEM, LEANDRO N. AV. y PARAGUAY",1,-58.37202621,-34.59717942,PEATON,PASAJEROS
2020-0044,1,10/5/2020,0:20:00,AVENIDA,LA PLATA AV. e INDEPENDENCIA AV.,6,-58.42779702,-34.62207347,AUTO,AUTO
2020-0045,1,10/19/2020,3:00:00,GRAL PAZ,"PAZ, GRAL. AV. y 27 DE FEBRERO AV.",8,-58.46244952,-34.70524971,AUTO,CARGAS
2020-0046,1,10/27/2020,21:00:00,AVENIDA,"NAZCA AV. y CARRANZA, ADOLFO P.",11,-58.48440160,-34.60776782,MOTO,MOTO
2020-0047,1,10/27/2020,14:00:00,AUTOPISTA,AUTOPISTA PRESIDENTE HÃ‰CTOR J. CÃMPORA y LACARRA AV.,9,-58.46668375,-34.65174801,PEATON,CARGAS
2020-0048,1,10/29/2020,20:20:00,AVENIDA,DORREGO AV. 614,15,-58.44958780,-34.59322448,MOTO,OBJETO FIJO
2020-0049,1,10/30/2020,20:00:00,AVENIDA,"DEL LIBERTADOR AV. y RAMOS MEJIA, JOSE MARIA, DR. AV.",1,-58.37533517,-34.59276462,PEATON,AUTO
2020-0050,1,11/1/2020,22:00:00,AVENIDA,SANTA FE AV. y GODOY CRUZ,14,-58.42525456,-34.57866344,PEATON,MOTO
2020-0051,1,11/5/2020,0:40:00,AVENIDA,AVELLANEDA AV. y MERCEDES,10,-58.48493828,-34.62981124,MOTO,AUTO
2020-0052,1,11/7/2020,6:50:00,AVENIDA,TUCUMAN y PUEYRREDON AV.,3,-58.40480504,-34.60183884,BICICLETA,CARGAS
2020-0053,1,11/9/2020,3:30:00,AVENIDA,"ALCORTA, AMANCIO AV. y EINSTEIN, ALBERTO",4,-58.41125934,-34.65417740,AUTO,AUTO
2020-0054,1,11/19/2020,9:00:00,CALLE,INCLAN y ALBERTI,4,-58.39956546,-34.62977080,BICICLETA,AUTO
2020-0055,1,11/19/2020,12:30:00,AVENIDA,OLAZABAL AV. 5437,12,-58.49005682,-34.57868970,PEATON,CARGAS
2020-0056,1,11/21/2020,13:00:00,GRAL PAZ,"PAZ, GRAL. AV. y ROCA, CNEL. AV.",8,-58.47064556,-34.69843756,MOTO,CARGAS
2020-0057,1,11/23/2020,7:45:00,AVENIDA,"NAZCA AV. y VIALE, LUIS",11,-58.47501560,-34.61945902,PEATON,AUTO
2020-0058,1,11/24/2020,16:00:00,AVENIDA,"OLIVERA AV. y FALCON, RAMON L.,CNEL.",10,-58.48727942,-34.63652467,PEATON,AUTO
2020-0059,1,12/1/2020,6:35:00,CALLE,BRASIL 1100,1,-58.37951690,-34.62794241,PEATON,PASAJEROS
2020-0060,1,12/3/2020,20:30:00,AVENIDA,"HOMERO y PERON, EVA AV.",9,-58.47750832,-34.65672199,PEATON,MOTO
2020-0061,1,12/3/2020,14:40:00,AUTOPISTA,"CANTILO, INT. y UDAONDO, GUILLERMO AV.",13,-58.44927253,-34.54048625,MOTO,CARGAS
2020-0062,1,12/4/2020,17:19:00,CALLE,MORENO 1845,3,-58.39246272,-34.61253541,BICICLETA,PASAJEROS
2020-0063,2,12/5/2020,7:10:00,CALLE,NUEVA YORK y ALTA GRACIA,11,-58.52783814,-34.61047001,PEATON_MOTO,MOTO
2020-0065,1,12/5/2020,16:00:00,GRAL PAZ,"PAZ, GRAL. AV. y GOYENECHE, ROBERTO PARQUE AV.",12,-58.49332664,-34.54836855,MOTO,AUTO
2020-0066,1,12/7/2020,4:30:00,AUTOPISTA,AUTOPISTA PERITO MORENO (ALTURA ESTACION DE TREN VILLA LURO),10,-58.50178784,-34.63593897,MOTO,OBJETO FIJO
2020-0067,1,12/11/2020,22:00:00,AVENIDA,SAENZ AV. y BEAZLEY,4,-58.41657793,-34.65476216,PEATON,PASAJEROS
2020-0068,1,12/12/2020,20:30:00,AVENIDA,DEL LIBERTADOR AV. y AUSTRIA,2,-58.39731474,-34.58307887,MOTO,AUTO
2020-0069,1,12/15/2020,5:20:00,AVENIDA,"INDEPENDENCIA AV. y SAENZ PEÃ‘A, LUIS, PRES.",1,-58.38746381,-34.61790839,MOTO,PASAJEROS
2020-0070,1,12/17/2020,15:35:00,AVENIDA,"CALLAO AV. y LAS HERAS, GENERAL",2,-58.39189441,-34.59176378,PEATON,PASAJEROS
2020-0071,1,12/17/2020,23:00:00,AVENIDA,SAN PEDRITO AV. y DIRECTORIO AV.,7,-58.46749188,-34.63551751,PEATON,AUTO
2020-0072,1,12/19/2020,3:30:00,AVENIDA,"JUJUY AV. y CALVO, CARLOS",3,-58.40280471,-34.62113271,BICICLETA,AUTO
2020-0073,1,12/20/2020,7:40:00,AVENIDA,27 DE FEBRERO AV. y ESCALADA AV.,8,-58.44451316,-34.68475866,MOTO,OBJETO FIJO
2020-0074,1,12/20/2020,21:00:00,AVENIDA,BOGOTA y NAZCA AV.,7,-58.47110424,-34.62742408,AUTO,AUTO
2020-0075,1,12/23/2020,14:00:00,AVENIDA,CORRIENTES AV. y 9 DE JULIO AV.,1,-58.38220928,-34.60373898,PEATON,PASAJEROS
2020-0076,1,12/24/2020,12:30:00,AVENIDA,ALVAREZ JONTE AV. y CHIVILCOY,10,-58.49794468,-34.61565025,AUTO,PASAJEROS
2020-0077,2,12/25/2020,6:40:00,AVENIDA,SAN MARTIN AV. y PUNTA ARENAS,15,-58.47220945,-34.60111373,MOTO,AUTO
2020-0078,1,12/25/2020,5:50:00,CALLE,BARCO CENTENERA DEL 1118,7,-58.43706741,-34.63217813,BICICLETA,PASAJEROS
2020-0079,1,12/27/2020,4:15:00,GRAL PAZ,"PAZ, GRAL. AV. y GOYENECHE, ROBERTO PARQUE AV.",12,-58.49332664,-34.54836855,MOTO,OBJETO FIJO
2021-0001,1,1/6/2021,18:00:00,AUTOPISTA,AU FRONDIZI KM. 3,1,-58.37960727,-34.62622851,MOTO,AUTO
2021-0002,1,1/7/2021,10:20:00,AVENIDA,"CASTRO, EMILIO AV. y MURGUIONDO",9,-58.51061062,-34.64972472,MOTO,CARGAS
2021-0003,1,1/10/2021,7:40:00,AUTOPISTA,AUTOPISTA 25 DE MAYO KM. 3.7,7,-58.43052224,-34.62941648,MOTO,OBJETO FIJO
2021-0004,1,1/11/2021,9:12:18,AVENIDA,CASEROS AV. y GUARANI,5,-58.41455544,-34.63866836,PEATON,CARGAS
2021-0005,1,1/11/2021,21:30:00,AVENIDA,"PERON, EVA AV. 3800",9,-58.46774439,-34.64730145,PEATON,AUTO
2021-0006,1,1/12/2021,21:00:00,AUTOPISTA,AUTOPISTA ARTURO ILLIA y SARMIENTO AV.,14,-58.40786274,-34.56726817,MOTO,CARGAS
2021-0007,1,1/18/2021,10:00:00,AVENIDA,DE LOS CONSTITUYENTES AV. y GIRIBONE,15,-58.48744301,-34.58622275,MOTO,MOTO
2021-0008,1,1/22/2021,23:30:00,AVENIDA,"SAENZ AV. y RABANAL, FRANCISCO, INTENDENTE AV.",4,-58.41657793,-34.65476216,PEATON,PASAJEROS
2021-0009,1,1/23/2021,5:30:00,AVENIDA,PAYSANDU y GAONA AV.,6,-58.45351111,-34.61134937,MOTO,OBJETO FIJO
2021-0010,1,1/23/2021,8:00:00,GRAL PAZ,"PAZ, GRAL. AV. y BALBIN, RICARDO, DR. AV.",12,-58.50073810,-34.54979510,MOTO,AUTO
2021-0011,1,1/27/2021,1:04:26,AVENIDA,SANTA FE AV. 1675,2,-58.39144148,-34.59564871,PEATON,AUTO
2021-0012,1,1/29/2021,20:07:22,AUTOPISTA,"DELLEPIANE, LUIS, TTE. GRAL. y GUAMINI",8,-58.48191128,-34.68385968,PEATON,AUTO
2021-0013,1,1/31/2021,6:10:00,AVENIDA,"FALCON, RAMON L.,CNEL. y OLIVERA AV.",10,-58.48727942,-34.63652467,MOTO,OBJETO FIJO
2021-0014,1,2/2/2021,0:50:00,AVENIDA,SAN MARTIN AV. y NOGOYA,15,-58.48328708,-34.59779521,PEATON,AUTO
2021-0015,1,2/6/2021,3:05:00,AVENIDA,SAN MARTIN AV. y TINOGASTA,15,-58.49018543,-34.59724990,MOTO,OBJETO FIJO
2021-0016,1,2/14/2021,5:50:00,AVENIDA,"FERNANDEZ DE LA CRUZ, F., GRAL. AV. y DE LA TORRE, LISANDRO",8,-58.47230127,-34.68482689,AUTO,OBJETO FIJO
2021-0017,1,2/17/2021,4:10:00,AVENIDA,SALTA y CASEROS AV.,1,-58.38262614,-34.63168269,MOTO,PASAJEROS
2021-0018,1,2/20/2021,19:00:00,CALLE,"JAURES, JEAN y PERON, JUAN DOMINGO, TTE. GENERAL",3,-58.41047268,-34.60793518,PEATON,AUTO
2021-0019,1,2/21/2021,1:20:00,AVENIDA,"TRIUNVIRATO AV. y LARRALDE, CRISOLOGO AV.",12,-58.49659234,-34.56353635,MOTO,OBJETO FIJO
2021-0020,1,2/21/2021,15:00:00,CALLE,POTOSI y GASCON,5,-58.42462955,-34.60727189,PEATON,CARGAS
2021-0021,1,2/26/2021,5:30:00,CALLE,"YRIGOYEN, HIPOLITO y 24 DE NOVIEMBRE",3,-58.41168345,-34.61185625,MOTO,OBJETO FIJO
2021-0022,1,2/28/2021,12:00:00,AVENIDA,DEL LIBERTADOR AV. y ROOSEVELT FRANKLIN D.,13,-58.45157681,-34.55217303,PASAJEROS,AUTO
2021-0023,1,3/1/2021,9:20:00,AUTOPISTA,"AU BUENOS AIRES LA PLATA  KM 4,5",4,.,.,MOTO,CARGAS
2021-0024,1,3/3/2021,16:30:00,AVENIDA,"PERON, EVA AV. y PIEDRA BUENA AV.",9,-58.49573651,-34.67006054,BICICLETA,CARGAS
2021-0025,1,3/11/2021,3:45:00,GRAL PAZ,"PAZ, GRAL. AV. y AUTOPISTA DELLEPIANE LUIS TTE. GRAL.",8,-58.48695354,-34.68795245,MOTO,OTRO
2021-0026,1,3/15/2021,2:35:00,AUTOPISTA,"AUTOPISTA 1 SUR PRESIDENTE ARTURO FRONDIZI y QUINQUELA MARTIN, BENITO",4,-58.37562539,-34.64449357,MOTO,OBJETO FIJO
2021-0027,1,3/16/2021,15:30:00,GRAL PAZ,"PAZ, GRAL. AV. y DONADO",12,-58.49491054,-34.54795581,MOTO,CARGAS
2021-0028,1,3/29/2021,17:20:00,AVENIDA,"COREA AV. y TORRES Y TENORIO, PRES.",7,-58.44147621,-34.64357704,PEATON,PASAJEROS
2021-0029,1,3/31/2021,18:05:00,AVENIDA,"FALCON, RAMON L.,CNEL. y SAN PEDRITO AV.",7,-58.46899119,-34.63215432,AUTO,AUTO
2021-0030,1,4/3/2021,18:30:00,CALLE,FINOCHIETTO ENRIQUE DR. 1623,4,-58.38685612,-34.63455776,PEATON,PASAJEROS
2021-0031,1,4/7/2021,10:29:00,AVENIDA,9 DE JULIO AV. e INDEPENDENCIA AV.,1,-58.38113667,-34.61765323,PEATON,CARGAS
2021-0032,1,4/10/2021,19:55:00,AUTOPISTA,"CANTILO, INT. y GUIRALDES, INT.",13,-58.44112678,-34.54538956,PEATON,MOTO
2021-0033,1,4/14/2021,17:50:00,AUTOPISTA,AUTOPISTA 25 DE MAYO y BOEDO AV.,5,-58.41595919,-34.62743346,AUTO,OBJETO FIJO
2021-0034,1,4/19/2021,14:40:00,AVENIDA,"ALCORTA, AMANCIO AV. y ZAVALETA",4,-58.40184094,-34.64546845,MOTO,CARGAS
2021-0035,1,5/3/2021,9:20:00,AVENIDA,"JANER, ANA MARIA y LAFUENTE AV.",8,-58.44642231,-34.65679806,MOTO,CARGAS
2021-0036,1,5/9/2021,6:00:00,GRAL PAZ,"PAZ, GRAL. AV. y MOSCONI GENERAL AV.",11,-58.52340614,-34.59798754,MOTO,OBJETO FIJO
2021-0037,1,5/11/2021,7:10:00,AVENIDA,"MONROE y BALBIN, RICARDO, DR. AV.",13,-58.46649069,-34.56219075,PEATON,PASAJEROS
2021-0038,1,5/14/2021,11:40:00,AVENIDA,"JUSTO, JUAN B. AV. y SANTA FE AV.",14,-58.42653328,-34.57816791,MOTO,CARGAS
2021-0039,1,5/15/2021,12:09:00,AVENIDA,"OLIDEN y ALBERDI, JUAN BAUTISTA AV.",9,-58.50407099,-34.65303372,BICICLETA,AUTO
2021-0040,1,5/20/2021,5:50:00,GRAL PAZ,"PAZ, GRAL. AV. y DEL LIBERTADOR AV.",13,-58.46743471,-34.53476874,MOTO,AUTO
2021-0041,1,5/20/2021,8:30:00,AVENIDA,DEL LIBERTADOR AV. y CASARES AV.,14,-58.40986646,-34.57728060,PEATON,PASAJEROS
2021-0042,1,5/21/2021,5:00:00,AVENIDA,RIVADAVIA AV. 10900,9,-58.51739138,-34.63931792,PEATON,PASAJEROS
2021-0043,1,5/22/2021,18:26:00,AVENIDA,"ALBERDI, JUAN BAUTISTA AV. y PILAR",9,-58.50719962,-34.65556223,PEATON,AUTO
2021-0044,1,5/25/2021,2:00:00,AVENIDA,"PERON, EVA AV. y ACOSTA, MARIANO",9,-58.46712311,-34.64600222,MOTO,OBJETO FIJO
2021-0045,1,5/26/2021,17:24:00,AUTOPISTA,AUTOPISTA 1 SUR PRESIDENTE ARTURO FRONDIZI y SUAREZ AV.,4,-58.37709334,-34.64035082,MOTO,MULTIPLE
2021-0046,1,5/31/2021,2:00:00,AVENIDA,ELCANO AV. y GUZMAN AV.,15,-58.46033141,-34.58569883,AUTO,OBJETO FIJO
2021-0047,1,6/2/2021,16:00:00,AVENIDA,"VEDIA, AGUSTIN DE y RABANAL, FRANCISCO, INTENDENTE AV.",4,-58.42190745,-34.65633192,MOTO,AUTO
2021-0048,1,6/3/2021,9:58:00,AVENIDA,CAPDEVILA y CONGRESO AV.,12,-58.49026573,-34.56981410,BICICLETA,AUTO
2021-0049,1,6/3/2021,20:30:00,AVENIDA,"FERNANDEZ DE LA CRUZ, F., GRAL. AV. 4000",8,-58.45410344,-34.66902702,AUTO,AUTO
2021-0050,1,6/10/2021,13:30:00,AVENIDA,DEL LIBERTADOR AV. 5958,13,-58.44751621,-34.55719892,MOTO,PASAJEROS
2021-0051,1,6/15/2021,19:20:00,AVENIDA,27 DE FEBRERO AV. y EREZCANO AV.,4,-58.42040352,-34.66005171,PEATON,CARGAS
2021-0052,1,6/20/2021,5:40:00,GRAL PAZ,"PAZ, GRAL. AV. 14723",8,-58.49530249,-34.68010798,MOTO,OBJETO FIJO
2021-0053,1,6/20/2021,12:00:00,AVENIDA,CORRIENTES AV. 5783,15,-58.44399875,-34.59477360,PEATON,BICICLETA
2021-0054,1,6/22/2021,14:44:00,CALLE,TABARE y EREZCANO,4,-58.42759813,-34.65463857,MOTO,CARGAS
2021-0055,1,6/29/2021,12:20:00,AVENIDA,CORRIENTES AV. y PUEYRREDON AV.,3,-58.40547222,-34.60456293,MOTO,CARGAS
2021-0056,1,7/9/2021,23:25:00,AVENIDA,"CORRALES y MORENO, PERITO AV.",4,-58.42473018,-34.65008280,BICICLETA,AUTO
2021-0057,1,7/10/2021,23:30:00,AUTOPISTA,AUTOPISTA  ARTURO ILLIA (CABINA DE PEAJE),2,-58.39257023,-34.57563957,AUTO,OBJETO FIJO
2021-0058,1,7/21/2021,0:40:00,GRAL PAZ,"PAZ, GRAL. AV. y VEDIA",12,-58.48941042,-34.54596153,PEATON,AUTO
2021-0059,1,7/22/2021,1:20:00,AVENIDA,"GARAY, JUAN DE AV. 2269",3,-58.39640740,-34.62783085,AUTO,OBJETO FIJO
2021-0060,1,7/22/2021,12:30:00,AVENIDA,"SALGUERO, JERONIMO y RIVADAVIA AV.",5,-58.41971993,-34.61112240,PEATON,PASAJEROS
2021-0061,1,7/24/2021,9:15:00,AVENIDA,"MORENO, PERITO AV. y ALCORTA, AMANCIO AV.",4,-58.40544588,-34.65012801,PEATON,CARGAS
2021-0062,1,7/27/2021,7:16:00,AVENIDA,LA PLATA AV. 2723,4,-58.42003882,-34.64645957,AUTO,CARGAS
2021-0063,1,8/2/2021,4:40:00,AVENIDA,"ALBERDI, JUAN BAUTISTA AV. 2906",7,-58.46851293,-34.63348678,AUTO,AUTO
2021-0064,1,8/2/2021,20:00:00,GRAL PAZ,"PAZ, GRAL. AV. y TONELERO",9,-58.52931141,-34.65422917,PEATON,CARGAS
2021-0065,1,8/6/2021,8:30:00,AVENIDA,SAN JUAN AV. y LA PLATA AV.,6,-58.42675754,-34.62699730,PEATON,PASAJEROS
2021-0066,1,8/6/2021,20:00:00,AVENIDA,"LOPE DE VEGA AV. y PAZ, GRAL. AV.",11,-58.52933723,-34.61098186,PEATON,PASAJEROS
2021-0067,1,8/8/2021,9:29:00,AUTOPISTA,AUTOPISTA 1 SUR PRESIDENTE ARTURO FRONDIZI y BRASIL,1,-58.37910943,-34.62764718,MOTO,OBJETO FIJO
2021-0068,1,8/15/2021,6:10:00,AVENIDA,"BEIRO, FRANCISCO AV. 5071",11,-58.52161176,-34.61164474,MOTO,OBJETO FIJO
2021-0069,1,8/20/2021,17:15:00,AVENIDA,SANTA FE AV. 3428,14,-58.41354692,-34.58697680,PEATON,AUTO
2021-0070,1,8/28/2021,8:30:00,AVENIDA,"CHILAVERT, MARTINIANO, CORONEL y VARELA AV.",8,-58.43960781,-34.65470804,MOTO,CARGAS
2021-0071,1,8/31/2021,16:00:00,CALLE,SAN LUIS 2730,3,-58.40454610,-34.60003693,PEATON,MOTO
2021-0072,1,9/1/2021,19:10:00,AVENIDA,CALLAO AV. y PARAGUAY,2,-58.39303911,-34.59871111,PEATON,AUTO
2021-0073,1,9/18/2021,12:20:00,AVENIDA,"DEL LIBERTADOR AV. y AGOTE, LUIS DR.",2,-58.39391034,-34.58405348,BICICLETA,AUTO
2021-0074,1,9/20/2021,15:00:00,GRAL PAZ,"PAZ, GRAL. AV. y BALBIN, RICARDO, DR. AV.",12,-58.50073810,-34.54979510,MOTO,MULTIPLE
2021-0075,1,9/21/2021,14:30:00,CALLE,SALTA y BRASIL,1,-58.38281301,-34.62786038,PEATON,CARGAS
2021-0076,1,10/16/2021,6:15:00,AVENIDA,"MORENO, PERITO AV. 2152",7,-58.43980799,-34.65094083,MOTO,OBJETO FIJO
2021-0077,1,10/18/2021,7:20:00,AVENIDA,DIRECTORIO AV. 1169,6,-58.44402387,-34.62933109,MOTO,CARGAS
2021-0078,1,10/23/2021,6:35:00,AVENIDA,INDEPENDENCIA AV. y LA PLATA AV.,6,-58.42779702,-34.62207347,MOTO,PASAJEROS
2021-0079,1,10/25/2021,3:30:00,CALLE,TUCUMAN 3112,3,-58.40944147,-34.60097942,PEATON,AUTO
2021-0080,1,10/28/2021,16:16:00,AVENIDA,ARENALES y 9 DE JULIO AV.,1,-58.38277479,-34.59430160,MOTO,AUTO
2021-0081,1,11/2/2021,13:35:00,AUTOPISTA,AUTOPISTA 1 SUR PRESIDENTE ARTURO FRONDIZI y BRANDSEN,4,-58.37627355,-34.63800916,MOTO,CARGAS
2021-0082,1,11/6/2021,4:39:00,AUTOPISTA,AUTOPISTA 25 DE MAYO y PASCO,3,-58.39591856,-34.62453459,MOTO,AUTO
2021-0083,1,11/9/2021,0:35:00,AVENIDA,CABILDO AV. y OLAZABAL,13,-58.45829717,-34.56015762,MOTO,AUTO
2021-0084,1,11/11/2021,3:00:00,AVENIDA,TAPALQUE y BRUIX AV.,9,-58.49142611,-34.64584795,AUTO,OBJETO FIJO
2021-0085,1,11/20/2021,18:30:00,GRAL PAZ,"PAZ, GRAL. AV. y EZEIZA",12,-58.51271409,-34.57786555,MOTO,OBJETO FIJO
2021-0086,1,11/25/2021,10:10:00,AVENIDA,RIVADAVIA AV. y PUAN,6,-58.44864864,-34.62352826,PEATON,PASAJEROS
2021-0087,1,11/27/2021,11:22:00,CALLE,ESMERALDA 1359,1,-58.37795815,-34.59167894,PEATON,BICICLETA
2021-0088,1,12/1/2021,15:40:00,CALLE,MONROE y 3 DE FEBRERO,13,-58.45531707,-34.55555257,MOTO,AUTO
2021-0089,1,12/2/2021,1:10:00,AVENIDA,GAONA AV. 3655,11,-58.47633683,-34.62140594,MOTO,AUTO
2021-0090,1,12/10/2021,11:45:00,AVENIDA,9 DE JULIO AV. y LAVALLE,1,-58.38188582,-34.60256036,PEATON,PASAJEROS
2021-0091,1,12/11/2021,23:00:00,CALLE,"BAIGORRIA y HUGO, VICTOR",10,-58.51989389,-34.62284918,MOTO,AUTO
2021-0092,1,12/12/2021,6:20:00,AVENIDA,RIVADAVIA AV. y PUEYRREDON AV.,3,-58.40596860,-34.61011987,PEATON,AUTO
2021-0093,1,12/13/2021,17:10:00,AVENIDA,RIESTRA AV. y MOM,7,-58.43353773,-34.64561636,MOTO,AUTO
2021-0094,1,12/20/2021,1:10:00,AUTOPISTA,"DELLEPIANE, LUIS, TTE. GRAL. y LACARRA AV.",9,-58.46739825,-34.65117757,MOTO,AUTO
2021-0095,1,12/30/2021,0:43:00,AVENIDA,GAONA AV. y TERRADA,11,-58.47293407,-34.61984745,MOTO,CARGAS
2021-0096,1,12/15/2021,10:30:00,AVENIDA,"PERON, EVA AV. 4071",9,-58.47066794,-34.65021673,AUTO,CARGAS
2021-0097,1,11/18/2021,6:10:00,CALLE,PADRE CARLOS MUGICA 709,1,-58.37976155,-34.58679619,BICICLETA,AUTO
